
insert into departamento (iddepartamento,descripcion) values (1,'AMAZONAS');
insert into departamento (iddepartamento,descripcion) values (2,'ANCASH');
insert into departamento (iddepartamento,descripcion) values (3,'APURIMAC');
insert into departamento (iddepartamento,descripcion) values (4,'AREQUIPA');
insert into departamento (iddepartamento,descripcion) values (5,'AYACUCHO');
insert into departamento (iddepartamento,descripcion) values (6,'CAJAMARCA');
insert into departamento (iddepartamento,descripcion) values (7,'CALLAO');
insert into departamento (iddepartamento,descripcion) values (8,'CUSCO');
insert into departamento (iddepartamento,descripcion) values (9,'HUANCAVELICA');
insert into departamento (iddepartamento,descripcion) values (10,'HUANUCO');
insert into departamento (iddepartamento,descripcion) values (11,'ICA');
insert into departamento (iddepartamento,descripcion) values (12,'JUNIN');
insert into departamento (iddepartamento,descripcion) values (13,'LA LIBERTAD');
insert into departamento (iddepartamento,descripcion) values (14,'LAMBAYEQUE');
insert into departamento (iddepartamento,descripcion) values (15,'LIMA');
insert into departamento (iddepartamento,descripcion) values (16,'LORETO');
insert into departamento (iddepartamento,descripcion) values (24,'TUMBES');
insert into departamento (iddepartamento,descripcion) values (25,'UCAYALI');
insert into departamento (iddepartamento,descripcion) values (18,'MOQUEGUA');
insert into departamento (iddepartamento,descripcion) values (22,'SAN MARTIN');
insert into departamento (iddepartamento,descripcion) values (17,'MADRE DE DIOS');
insert into departamento (iddepartamento,descripcion) values (19,'PASCO');
insert into departamento (iddepartamento,descripcion) values (20,'PIURA');
insert into departamento (iddepartamento,descripcion) values (21,'PUNO');
insert into departamento (iddepartamento,descripcion) values (23,'TACNA');



insert into provincia  (idprovincia,iddepartamento,descripcion) values (101,1,'CHACHAPOYAS');
insert into provincia  (idprovincia,iddepartamento,descripcion) values (102,1,'BAGUA');
insert into provincia  (idprovincia,iddepartamento,descripcion) values (103,1,'BONGARA');
insert into provincia  (idprovincia,iddepartamento,descripcion) values (104,1,'CONDORCANQUI');
insert into provincia  (idprovincia,iddepartamento,descripcion) values (105,1,'LUYA');
insert into provincia  (idprovincia,iddepartamento,descripcion) values (106,1,'RODRIGUEZ DE MENDOZA');
insert into provincia  (idprovincia,iddepartamento,descripcion) values (107,1,'UTCUBAMBA');
insert into provincia  (idprovincia,iddepartamento,descripcion) values (201,2,'HUARAZ');
insert into provincia  (idprovincia,iddepartamento,descripcion) values (202,2,'AIJA');
insert into provincia  (idprovincia,iddepartamento,descripcion) values (203,2,'ANTONIO RAYMONDI');
insert into provincia  (idprovincia,iddepartamento,descripcion) values (204,2,'ASUNCION');
insert into provincia  (idprovincia,iddepartamento,descripcion) values (205,2,'BOLOGNESI');
insert into provincia  (idprovincia,iddepartamento,descripcion) values (206,2,'CARHUAZ');
insert into provincia  (idprovincia,iddepartamento,descripcion) values (207,2,'CARLOS FERMIN FITZCARRALD');
insert into provincia  (idprovincia,iddepartamento,descripcion) values (208,2,'CASMA');
insert into provincia  (idprovincia,iddepartamento,descripcion) values (209,2,'CORONGO');
insert into provincia  (idprovincia,iddepartamento,descripcion) values (210,2,'HUARI');
insert into provincia  (idprovincia,iddepartamento,descripcion) values (211,2,'HUARMEY');
insert into provincia  (idprovincia,iddepartamento,descripcion) values (212,2,'HUAYLAS');
insert into provincia  (idprovincia,iddepartamento,descripcion) values (213,2,'MARISCAL LUZURIAGA');
insert into provincia  (idprovincia,iddepartamento,descripcion) values (214,2,'OCROS');
insert into provincia  (idprovincia,iddepartamento,descripcion) values (215,2,'PALLASCA');
insert into provincia  (idprovincia,iddepartamento,descripcion) values (216,2,'POMABAMBA');
insert into provincia  (idprovincia,iddepartamento,descripcion) values (217,2,'RECUAY');
insert into provincia  (idprovincia,iddepartamento,descripcion) values (218,2,'SANTA');
insert into provincia  (idprovincia,iddepartamento,descripcion) values (219,2,'SIHUAS');
insert into provincia  (idprovincia,iddepartamento,descripcion) values (220,2,'YUNGAY');
insert into provincia  (idprovincia,iddepartamento,descripcion) values (301,3,'ABANCAY');
insert into provincia  (idprovincia,iddepartamento,descripcion) values (302,3,'ANDAHUAYLAS');
insert into provincia  (idprovincia,iddepartamento,descripcion) values (303,3,'ANTABAMBA');
insert into provincia  (idprovincia,iddepartamento,descripcion) values (304,3,'AYMARAES');
insert into provincia  (idprovincia,iddepartamento,descripcion) values (305,3,'COTABAMBAS');
insert into provincia  (idprovincia,iddepartamento,descripcion) values (306,3,'CHINCHEROS');
insert into provincia  (idprovincia,iddepartamento,descripcion) values (307,3,'GRAU');
insert into provincia  (idprovincia,iddepartamento,descripcion) values (401,4,'AREQUIPA');
insert into provincia  (idprovincia,iddepartamento,descripcion) values (402,4,'CAMANA');
insert into provincia  (idprovincia,iddepartamento,descripcion) values (403,4,'CARAVELI');
insert into provincia  (idprovincia,iddepartamento,descripcion) values (404,4,'CASTILLA');
insert into provincia  (idprovincia,iddepartamento,descripcion) values (405,4,'CAYLLOMA');
insert into provincia  (idprovincia,iddepartamento,descripcion) values (406,4,'CONDESUYOS');
insert into provincia  (idprovincia,iddepartamento,descripcion) values (407,4,'ISLAY');
insert into provincia  (idprovincia,iddepartamento,descripcion) values (408,4,'LA UNION');
insert into provincia  (idprovincia,iddepartamento,descripcion) values (501,5,'HUAMANGA');
insert into provincia  (idprovincia,iddepartamento,descripcion) values (502,5,'CANGALLO');
insert into provincia  (idprovincia,iddepartamento,descripcion) values (503,5,'HUANCA SANCOS');
insert into provincia  (idprovincia,iddepartamento,descripcion) values (504,5,'HUANTA');
insert into provincia  (idprovincia,iddepartamento,descripcion) values (505,5,'LA MAR');
insert into provincia  (idprovincia,iddepartamento,descripcion) values (506,5,'LUCANAS');
insert into provincia  (idprovincia,iddepartamento,descripcion) values (507,5,'PARINACOCHAS');
insert into provincia  (idprovincia,iddepartamento,descripcion) values (508,5,'PAUCAR DEL SARA SARA');
insert into provincia  (idprovincia,iddepartamento,descripcion) values (509,5,'SUCRE');
insert into provincia  (idprovincia,iddepartamento,descripcion) values (510,5,'VICTOR FAJARDO');
insert into provincia  (idprovincia,iddepartamento,descripcion) values (511,5,'VILCAS HUAMAN');
insert into provincia  (idprovincia,iddepartamento,descripcion) values (601,6,'CAJAMARCA');
insert into provincia  (idprovincia,iddepartamento,descripcion) values (602,6,'CAJABAMBA');
insert into provincia  (idprovincia,iddepartamento,descripcion) values (603,6,'CELENDIN');
insert into provincia  (idprovincia,iddepartamento,descripcion) values (604,6,'CHOTA');
insert into provincia  (idprovincia,iddepartamento,descripcion) values (605,6,'CONTUMAZA');
insert into provincia  (idprovincia,iddepartamento,descripcion) values (606,6,'CUTERVO');
insert into provincia  (idprovincia,iddepartamento,descripcion) values (607,6,'HUALGAYOC');
insert into provincia  (idprovincia,iddepartamento,descripcion) values (608,6,'JAEN');
insert into provincia  (idprovincia,iddepartamento,descripcion) values (609,6,'SAN IGNACIO');
insert into provincia  (idprovincia,iddepartamento,descripcion) values (610,6,'SAN MARCOS');
insert into provincia  (idprovincia,iddepartamento,descripcion) values (611,6,'SAN MIGUEL');
insert into provincia  (idprovincia,iddepartamento,descripcion) values (612,6,'SAN PABLO');
insert into provincia  (idprovincia,iddepartamento,descripcion) values (613,6,'SANTA CRUZ');
insert into provincia  (idprovincia,iddepartamento,descripcion) values (701,7,'CALLAO');
insert into provincia  (idprovincia,iddepartamento,descripcion) values (801,8,'CUSCO');
insert into provincia  (idprovincia,iddepartamento,descripcion) values (802,8,'ACOMAYO');
insert into provincia  (idprovincia,iddepartamento,descripcion) values (803,8,'ANTA');
insert into provincia  (idprovincia,iddepartamento,descripcion) values (804,8,'CALCA');
insert into provincia  (idprovincia,iddepartamento,descripcion) values (805,8,'CANAS');
insert into provincia  (idprovincia,iddepartamento,descripcion) values (806,8,'CANCHIS');
insert into provincia  (idprovincia,iddepartamento,descripcion) values (807,8,'CHUMBIVILCAS');
insert into provincia  (idprovincia,iddepartamento,descripcion) values (808,8,'ESPINAR');
insert into provincia  (idprovincia,iddepartamento,descripcion) values (809,8,'LA CONVENCION');
insert into provincia  (idprovincia,iddepartamento,descripcion) values (810,8,'PARURO');
insert into provincia  (idprovincia,iddepartamento,descripcion) values (811,8,'PAUCARTAMBO');
insert into provincia  (idprovincia,iddepartamento,descripcion) values (812,8,'QUISPICANCHI');
insert into provincia  (idprovincia,iddepartamento,descripcion) values (813,8,'URUBAMBA');
insert into provincia  (idprovincia,iddepartamento,descripcion) values (901,9,'HUANCAVELICA');
insert into provincia  (idprovincia,iddepartamento,descripcion) values (902,9,'ACOBAMBA');
insert into provincia  (idprovincia,iddepartamento,descripcion) values (903,9,'ANGARAES');
insert into provincia  (idprovincia,iddepartamento,descripcion) values (904,9,'CASTROVIRREYNA');
insert into provincia  (idprovincia,iddepartamento,descripcion) values (905,9,'CHURCAMPA');
insert into provincia  (idprovincia,iddepartamento,descripcion) values (906,9,'HUAYTARA');
insert into provincia  (idprovincia,iddepartamento,descripcion) values (907,9,'TAYACAJA');
insert into provincia  (idprovincia,iddepartamento,descripcion) values (1001,10,'HUANUCO');
insert into provincia  (idprovincia,iddepartamento,descripcion) values (1002,10,'AMBO');
insert into provincia  (idprovincia,iddepartamento,descripcion) values (1003,10,'DOS DE MAYO');
insert into provincia  (idprovincia,iddepartamento,descripcion) values (1004,10,'HUACAYBAMBA');
insert into provincia  (idprovincia,iddepartamento,descripcion) values (1005,10,'HUAMALIES');
insert into provincia  (idprovincia,iddepartamento,descripcion) values (1006,10,'LEONCIO PRADO');
insert into provincia  (idprovincia,iddepartamento,descripcion) values (1007,10,'MARAÑON');
insert into provincia  (idprovincia,iddepartamento,descripcion) values (1008,10,'PACHITEA');
insert into provincia  (idprovincia,iddepartamento,descripcion) values (1009,10,'PUERTO INCA');
insert into provincia  (idprovincia,iddepartamento,descripcion) values (1010,10,'LAURICOCHA');
insert into provincia  (idprovincia,iddepartamento,descripcion) values (1011,10,'YAROWILCA');
insert into provincia  (idprovincia,iddepartamento,descripcion) values (1101,11,'ICA');
insert into provincia  (idprovincia,iddepartamento,descripcion) values (1102,11,'CHINCHA');
insert into provincia  (idprovincia,iddepartamento,descripcion) values (1103,11,'NAZCA');
insert into provincia  (idprovincia,iddepartamento,descripcion) values (1104,11,'PALPA');
insert into provincia  (idprovincia,iddepartamento,descripcion) values (1105,11,'PISCO');
insert into provincia  (idprovincia,iddepartamento,descripcion) values (1201,12,'HUANCAYO');
insert into provincia  (idprovincia,iddepartamento,descripcion) values (1202,12,'CONCEPCION');
insert into provincia  (idprovincia,iddepartamento,descripcion) values (1203,12,'CHANCHAMAYO');
insert into provincia  (idprovincia,iddepartamento,descripcion) values (1204,12,'JAUJA');
insert into provincia  (idprovincia,iddepartamento,descripcion) values (1205,12,'JUNIN');
insert into provincia  (idprovincia,iddepartamento,descripcion) values (1206,12,'SATIPO');
insert into provincia  (idprovincia,iddepartamento,descripcion) values (1207,12,'TARMA');
insert into provincia  (idprovincia,iddepartamento,descripcion) values (1208,12,'YAULI');
insert into provincia  (idprovincia,iddepartamento,descripcion) values (1209,12,'CHUPACA');
insert into provincia  (idprovincia,iddepartamento,descripcion) values (1301,13,'TRUJILLO');
insert into provincia  (idprovincia,iddepartamento,descripcion) values (1302,13,'ASCOPE');
insert into provincia  (idprovincia,iddepartamento,descripcion) values (1303,13,'BOLIVAR');
insert into provincia  (idprovincia,iddepartamento,descripcion) values (1304,13,'CHEPEN');
insert into provincia  (idprovincia,iddepartamento,descripcion) values (1305,13,'JULCAN');
insert into provincia  (idprovincia,iddepartamento,descripcion) values (1306,13,'OTUZCO');
insert into provincia  (idprovincia,iddepartamento,descripcion) values (1307,13,'PACASMAYO');
insert into provincia  (idprovincia,iddepartamento,descripcion) values (1308,13,'PATAZ');
insert into provincia  (idprovincia,iddepartamento,descripcion) values (1309,13,'SANCHEZ CARRION');
insert into provincia  (idprovincia,iddepartamento,descripcion) values (1310,13,'SANTIAGO DE CHUCO');
insert into provincia  (idprovincia,iddepartamento,descripcion) values (1311,13,'GRAN CHIMU');
insert into provincia  (idprovincia,iddepartamento,descripcion) values (1312,13,'VIRU');
insert into provincia  (idprovincia,iddepartamento,descripcion) values (1401,14,'CHICLAYO');
insert into provincia  (idprovincia,iddepartamento,descripcion) values (1402,14,'FERREÑAFE');
insert into provincia  (idprovincia,iddepartamento,descripcion) values (1403,14,'LAMBAYEQUE');
insert into provincia  (idprovincia,iddepartamento,descripcion) values (1501,15,'LIMA');
insert into provincia  (idprovincia,iddepartamento,descripcion) values (1502,15,'BARRANCA');
insert into provincia  (idprovincia,iddepartamento,descripcion) values (1503,15,'CAJATAMBO');
insert into provincia  (idprovincia,iddepartamento,descripcion) values (1504,15,'CANTA');
insert into provincia  (idprovincia,iddepartamento,descripcion) values (1505,15,'CAÑETE');
insert into provincia  (idprovincia,iddepartamento,descripcion) values (1506,15,'HUARAL');
insert into provincia  (idprovincia,iddepartamento,descripcion) values (1507,15,'HUAROCHIRI');
insert into provincia  (idprovincia,iddepartamento,descripcion) values (1508,15,'HUAURA');
insert into provincia  (idprovincia,iddepartamento,descripcion) values (1509,15,'OYON');
insert into provincia  (idprovincia,iddepartamento,descripcion) values (1510,15,'YAUYOS');
insert into provincia  (idprovincia,iddepartamento,descripcion) values (1601,16,'MAYNAS');
insert into provincia  (idprovincia,iddepartamento,descripcion) values (1602,16,'ALTO AMAZONAS');
insert into provincia  (idprovincia,iddepartamento,descripcion) values (2402,24,'CONTRALMIRANTE VILLAR');
insert into provincia  (idprovincia,iddepartamento,descripcion) values (2403,24,'ZARUMILLA');
insert into provincia  (idprovincia,iddepartamento,descripcion) values (2501,25,'CORONEL PORTILLO');
insert into provincia  (idprovincia,iddepartamento,descripcion) values (2502,25,'ATALAYA');
insert into provincia  (idprovincia,iddepartamento,descripcion) values (2503,25,'PADRE ABAD');
insert into provincia  (idprovincia,iddepartamento,descripcion) values (2504,25,'PURUS');
insert into provincia  (idprovincia,iddepartamento,descripcion) values (1801,18,'MARISCAL NIETO');
insert into provincia  (idprovincia,iddepartamento,descripcion) values (2210,22,'TOCACHE');
insert into provincia  (idprovincia,iddepartamento,descripcion) values (1603,16,'LORETO');
insert into provincia  (idprovincia,iddepartamento,descripcion) values (1604,16,'MARISCAL RAMON CASTILLA');
insert into provincia  (idprovincia,iddepartamento,descripcion) values (1605,16,'REQUENA');
insert into provincia  (idprovincia,iddepartamento,descripcion) values (1606,16,'UCAYALI');
insert into provincia  (idprovincia,iddepartamento,descripcion) values (1607,16,'DATEM DEL MARAÑON');
insert into provincia  (idprovincia,iddepartamento,descripcion) values (1608,16,'PUTUMAYO');
insert into provincia  (idprovincia,iddepartamento,descripcion) values (1701,17,'TAMBOPATA');
insert into provincia  (idprovincia,iddepartamento,descripcion) values (1702,17,'MANU');
insert into provincia  (idprovincia,iddepartamento,descripcion) values (1703,17,'TAHUAMANU');
insert into provincia  (idprovincia,iddepartamento,descripcion) values (1802,18,'GENERAL SANCHEZ CERRO');
insert into provincia  (idprovincia,iddepartamento,descripcion) values (1803,18,'ILO');
insert into provincia  (idprovincia,iddepartamento,descripcion) values (1901,19,'PASCO');
insert into provincia  (idprovincia,iddepartamento,descripcion) values (1902,19,'DANIEL ALCIDES CARRION');
insert into provincia  (idprovincia,iddepartamento,descripcion) values (1903,19,'OXAPAMPA');
insert into provincia  (idprovincia,iddepartamento,descripcion) values (2001,20,'PIURA');
insert into provincia  (idprovincia,iddepartamento,descripcion) values (2002,20,'AYABACA');
insert into provincia  (idprovincia,iddepartamento,descripcion) values (2003,20,'HUANCABAMBA');
insert into provincia  (idprovincia,iddepartamento,descripcion) values (2004,20,'MORROPON');
insert into provincia  (idprovincia,iddepartamento,descripcion) values (2005,20,'PAITA');
insert into provincia  (idprovincia,iddepartamento,descripcion) values (2006,20,'SULLANA');
insert into provincia  (idprovincia,iddepartamento,descripcion) values (2007,20,'TALARA');
insert into provincia  (idprovincia,iddepartamento,descripcion) values (2008,20,'SECHURA');
insert into provincia  (idprovincia,iddepartamento,descripcion) values (2101,21,'PUNO');
insert into provincia  (idprovincia,iddepartamento,descripcion) values (2102,21,'AZANGARO');
insert into provincia  (idprovincia,iddepartamento,descripcion) values (2103,21,'CARABAYA');
insert into provincia  (idprovincia,iddepartamento,descripcion) values (2104,21,'CHUCUITO');
insert into provincia  (idprovincia,iddepartamento,descripcion) values (2105,21,'EL COLLAO');
insert into provincia  (idprovincia,iddepartamento,descripcion) values (2106,21,'HUANCANE');
insert into provincia  (idprovincia,iddepartamento,descripcion) values (2107,21,'LAMPA');
insert into provincia  (idprovincia,iddepartamento,descripcion) values (2108,21,'MELGAR');
insert into provincia  (idprovincia,iddepartamento,descripcion) values (2109,21,'MOHO');
insert into provincia  (idprovincia,iddepartamento,descripcion) values (2110,21,'SAN ANTONIO DE PUTINA');
insert into provincia  (idprovincia,iddepartamento,descripcion) values (2111,21,'SAN ROMAN');
insert into provincia  (idprovincia,iddepartamento,descripcion) values (2112,21,'SANDIA');
insert into provincia  (idprovincia,iddepartamento,descripcion) values (2113,21,'YUNGUYO');
insert into provincia  (idprovincia,iddepartamento,descripcion) values (2201,22,'MOYOBAMBA');
insert into provincia  (idprovincia,iddepartamento,descripcion) values (2202,22,'BELLAVISTA');
insert into provincia  (idprovincia,iddepartamento,descripcion) values (2203,22,'EL DORADO');
insert into provincia  (idprovincia,iddepartamento,descripcion) values (2204,22,'HUALLAGA');
insert into provincia  (idprovincia,iddepartamento,descripcion) values (2205,22,'LAMAS');
insert into provincia  (idprovincia,iddepartamento,descripcion) values (2206,22,'MARISCAL CACERES');
insert into provincia  (idprovincia,iddepartamento,descripcion) values (2207,22,'PICOTA');
insert into provincia  (idprovincia,iddepartamento,descripcion) values (2208,22,'RIOJA');
insert into provincia  (idprovincia,iddepartamento,descripcion) values (2209,22,'SAN MARTIN');
insert into provincia  (idprovincia,iddepartamento,descripcion) values (2301,23,'TACNA');
insert into provincia  (idprovincia,iddepartamento,descripcion) values (2302,23,'CANDARAVE');
insert into provincia  (idprovincia,iddepartamento,descripcion) values (2303,23,'JORGE BASADRE');
insert into provincia  (idprovincia,iddepartamento,descripcion) values (2304,23,'TARATA');
insert into provincia  (idprovincia,iddepartamento,descripcion) values (2401,24,'TUMBES');



insert into distrito (idprovincia,descripcion) values (101,'CHACHAPOYAS');
insert into distrito (idprovincia,descripcion) values (101,'ASUNCION');
insert into distrito (idprovincia,descripcion) values (101,'BALSAS');
insert into distrito (idprovincia,descripcion) values (101,'CHETO');
insert into distrito (idprovincia,descripcion) values (101,'CHILIQUIN');
insert into distrito (idprovincia,descripcion) values (101,'CHUQUIBAMBA');
insert into distrito (idprovincia,descripcion) values (101,'GRANADA');
insert into distrito (idprovincia,descripcion) values (101,'HUANCAS');
insert into distrito (idprovincia,descripcion) values (101,'LA JALCA');
insert into distrito (idprovincia,descripcion) values (101,'LEIMEBAMBA');
insert into distrito (idprovincia,descripcion) values (101,'LEVANTO');
insert into distrito (idprovincia,descripcion) values (101,'MAGDALENA');
insert into distrito (idprovincia,descripcion) values (101,'MARISCAL CASTILLA');
insert into distrito (idprovincia,descripcion) values (101,'MOLINOPAMPA');
insert into distrito (idprovincia,descripcion) values (101,'MONTEVIDEO');
insert into distrito (idprovincia,descripcion) values (101,'OLLEROS');
insert into distrito (idprovincia,descripcion) values (101,'QUINJALCA');
insert into distrito (idprovincia,descripcion) values (101,'SAN FRANCISCO DE DAGUAS');
insert into distrito (idprovincia,descripcion) values (101,'SAN ISIDRO DE MAINO');
insert into distrito (idprovincia,descripcion) values (101,'SOLOCO');
insert into distrito (idprovincia,descripcion) values (101,'SONCHE');
insert into distrito (idprovincia,descripcion) values (102,'BAGUA');
insert into distrito (idprovincia,descripcion) values (102,'ARAMANGO');
insert into distrito (idprovincia,descripcion) values (102,'COPALLIN');
insert into distrito (idprovincia,descripcion) values (102,'EL PARCO');
insert into distrito (idprovincia,descripcion) values (102,'IMAZA');
insert into distrito (idprovincia,descripcion) values (102,'LA PECA');
insert into distrito (idprovincia,descripcion) values (103,'JUMBILLA');
insert into distrito (idprovincia,descripcion) values (103,'CHISQUILLA');
insert into distrito (idprovincia,descripcion) values (103,'CHURUJA');
insert into distrito (idprovincia,descripcion) values (103,'COROSHA');
insert into distrito (idprovincia,descripcion) values (103,'CUISPES');
insert into distrito (idprovincia,descripcion) values (103,'FLORIDA');
insert into distrito (idprovincia,descripcion) values (103,'JAZAN');
insert into distrito (idprovincia,descripcion) values (103,'RECTA');
insert into distrito (idprovincia,descripcion) values (103,'SAN CARLOS');
insert into distrito (idprovincia,descripcion) values (103,'SHIPASBAMBA');
insert into distrito (idprovincia,descripcion) values (103,'VALERA');
insert into distrito (idprovincia,descripcion) values (103,'YAMBRASBAMBA');
insert into distrito (idprovincia,descripcion) values (104,'NIEVA');
insert into distrito (idprovincia,descripcion) values (104,'EL CENEPA');
insert into distrito (idprovincia,descripcion) values (104,'RIO SANTIAGO');
insert into distrito (idprovincia,descripcion) values (105,'LAMUD');
insert into distrito (idprovincia,descripcion) values (105,'CAMPORREDONDO');
insert into distrito (idprovincia,descripcion) values (105,'COCABAMBA');
insert into distrito (idprovincia,descripcion) values (105,'COLCAMAR');
insert into distrito (idprovincia,descripcion) values (105,'CONILA');
insert into distrito (idprovincia,descripcion) values (105,'INGUILPATA');
insert into distrito (idprovincia,descripcion) values (105,'LONGUITA');
insert into distrito (idprovincia,descripcion) values (105,'LONYA CHICO');
insert into distrito (idprovincia,descripcion) values (105,'LUYA');
insert into distrito (idprovincia,descripcion) values (105,'LUYA VIEJO');
insert into distrito (idprovincia,descripcion) values (105,'MARIA');
insert into distrito (idprovincia,descripcion) values (105,'OCALLI');
insert into distrito (idprovincia,descripcion) values (105,'OCUMAL');
insert into distrito (idprovincia,descripcion) values (105,'PISUQUIA');
insert into distrito (idprovincia,descripcion) values (105,'PROVIDENCIA');
insert into distrito (idprovincia,descripcion) values (105,'SAN CRISTOBAL');
insert into distrito (idprovincia,descripcion) values (105,'SAN FRANCISCO DEL YESO');
insert into distrito (idprovincia,descripcion) values (105,'SAN JERONIMO');
insert into distrito (idprovincia,descripcion) values (105,'SAN JUAN DE LOPECANCHA');
insert into distrito (idprovincia,descripcion) values (105,'SANTA CATALINA');
insert into distrito (idprovincia,descripcion) values (105,'SANTO TOMAS');
insert into distrito (idprovincia,descripcion) values (105,'TINGO');
insert into distrito (idprovincia,descripcion) values (105,'TRITA');
insert into distrito (idprovincia,descripcion) values (106,'SAN NICOLAS');
insert into distrito (idprovincia,descripcion) values (106,'CHIRIMOTO');
insert into distrito (idprovincia,descripcion) values (106,'COCHAMAL');
insert into distrito (idprovincia,descripcion) values (106,'HUAMBO');
insert into distrito (idprovincia,descripcion) values (106,'LIMABAMBA');
insert into distrito (idprovincia,descripcion) values (106,'LONGAR');
insert into distrito (idprovincia,descripcion) values (106,'MARISCAL BENAVIDES');
insert into distrito (idprovincia,descripcion) values (106,'MILPUC');
insert into distrito (idprovincia,descripcion) values (106,'OMIA');
insert into distrito (idprovincia,descripcion) values (106,'SANTA ROSA');
insert into distrito (idprovincia,descripcion) values (106,'TOTORA');
insert into distrito (idprovincia,descripcion) values (106,'VISTA ALEGRE');
insert into distrito (idprovincia,descripcion) values (107,'BAGUA GRANDE');
insert into distrito (idprovincia,descripcion) values (107,'CAJARURO');
insert into distrito (idprovincia,descripcion) values (107,'CUMBA');
insert into distrito (idprovincia,descripcion) values (107,'EL MILAGRO');
insert into distrito (idprovincia,descripcion) values (107,'JAMALCA');
insert into distrito (idprovincia,descripcion) values (107,'LONYA GRANDE');
insert into distrito (idprovincia,descripcion) values (107,'YAMON');
insert into distrito (idprovincia,descripcion) values (201,'HUARAZ');
insert into distrito (idprovincia,descripcion) values (201,'COCHABAMBA');
insert into distrito (idprovincia,descripcion) values (201,'COLCABAMBA');
insert into distrito (idprovincia,descripcion) values (201,'HUANCHAY');
insert into distrito (idprovincia,descripcion) values (201,'INDEPENDENCIA');
insert into distrito (idprovincia,descripcion) values (201,'JANGAS');
insert into distrito (idprovincia,descripcion) values (201,'LA LIBERTAD');
insert into distrito (idprovincia,descripcion) values (201,'OLLEROS');
insert into distrito (idprovincia,descripcion) values (201,'PAMPAS');
insert into distrito (idprovincia,descripcion) values (201,'PARIACOTO');
insert into distrito (idprovincia,descripcion) values (201,'PIRA');
insert into distrito (idprovincia,descripcion) values (201,'TARICA');
insert into distrito (idprovincia,descripcion) values (202,'AIJA');
insert into distrito (idprovincia,descripcion) values (202,'CORIS');
insert into distrito (idprovincia,descripcion) values (202,'HUACLLAN');
insert into distrito (idprovincia,descripcion) values (202,'LA MERCED');
insert into distrito (idprovincia,descripcion) values (202,'SUCCHA');
insert into distrito (idprovincia,descripcion) values (203,'LLAMELLIN');
insert into distrito (idprovincia,descripcion) values (203,'ACZO');
insert into distrito (idprovincia,descripcion) values (203,'CHACCHO');
insert into distrito (idprovincia,descripcion) values (203,'CHINGAS');
insert into distrito (idprovincia,descripcion) values (203,'MIRGAS');
insert into distrito (idprovincia,descripcion) values (203,'SAN JUAN DE RONTOY');
insert into distrito (idprovincia,descripcion) values (204,'CHACAS');
insert into distrito (idprovincia,descripcion) values (204,'ACOCHACA');
insert into distrito (idprovincia,descripcion) values (205,'CHIQUIAN');
insert into distrito (idprovincia,descripcion) values (205,'ABELARDO PARDO LEZAMETA');
insert into distrito (idprovincia,descripcion) values (205,'ANTONIO RAYMONDI');
insert into distrito (idprovincia,descripcion) values (205,'AQUIA');
insert into distrito (idprovincia,descripcion) values (205,'CAJACAY');
insert into distrito (idprovincia,descripcion) values (205,'CANIS');
insert into distrito (idprovincia,descripcion) values (205,'COLQUIOC');
insert into distrito (idprovincia,descripcion) values (205,'HUALLANCA');
insert into distrito (idprovincia,descripcion) values (205,'HUASTA');
insert into distrito (idprovincia,descripcion) values (205,'HUAYLLACAYAN');
insert into distrito (idprovincia,descripcion) values (205,'LA PRIMAVERA');
insert into distrito (idprovincia,descripcion) values (205,'MANGAS');
insert into distrito (idprovincia,descripcion) values (205,'PACLLON');
insert into distrito (idprovincia,descripcion) values (205,'SAN MIGUEL DE CORPANQUI');
insert into distrito (idprovincia,descripcion) values (205,'TICLLOS');
insert into distrito (idprovincia,descripcion) values (206,'CARHUAZ');
insert into distrito (idprovincia,descripcion) values (206,'ACOPAMPA');
insert into distrito (idprovincia,descripcion) values (206,'AMASHCA');
insert into distrito (idprovincia,descripcion) values (206,'ANTA');
insert into distrito (idprovincia,descripcion) values (206,'ATAQUERO');
insert into distrito (idprovincia,descripcion) values (206,'MARCARA');
insert into distrito (idprovincia,descripcion) values (206,'PARIAHUANCA');
insert into distrito (idprovincia,descripcion) values (206,'SAN MIGUEL DE ACO');
insert into distrito (idprovincia,descripcion) values (206,'SHILLA');
insert into distrito (idprovincia,descripcion) values (206,'TINCO');
insert into distrito (idprovincia,descripcion) values (206,'YUNGAR');
insert into distrito (idprovincia,descripcion) values (207,'SAN LUIS');
insert into distrito (idprovincia,descripcion) values (207,'SAN NICOLAS');
insert into distrito (idprovincia,descripcion) values (207,'YAUYA');
insert into distrito (idprovincia,descripcion) values (208,'CASMA');
insert into distrito (idprovincia,descripcion) values (208,'BUENA VISTA ALTA');
insert into distrito (idprovincia,descripcion) values (208,'COMANDANTE NOEL');
insert into distrito (idprovincia,descripcion) values (208,'YAUTAN');
insert into distrito (idprovincia,descripcion) values (209,'CORONGO');
insert into distrito (idprovincia,descripcion) values (209,'ACO');
insert into distrito (idprovincia,descripcion) values (209,'BAMBAS');
insert into distrito (idprovincia,descripcion) values (209,'CUSCA');
insert into distrito (idprovincia,descripcion) values (209,'LA PAMPA');
insert into distrito (idprovincia,descripcion) values (209,'YANAC');
insert into distrito (idprovincia,descripcion) values (209,'YUPAN');
insert into distrito (idprovincia,descripcion) values (210,'HUARI');
insert into distrito (idprovincia,descripcion) values (210,'ANRA');
insert into distrito (idprovincia,descripcion) values (210,'CAJAY');
insert into distrito (idprovincia,descripcion) values (210,'CHAVIN DE HUANTAR');
insert into distrito (idprovincia,descripcion) values (210,'HUACACHI');
insert into distrito (idprovincia,descripcion) values (210,'HUACCHIS');
insert into distrito (idprovincia,descripcion) values (210,'HUACHIS');
insert into distrito (idprovincia,descripcion) values (210,'HUANTAR');
insert into distrito (idprovincia,descripcion) values (210,'MASIN');
insert into distrito (idprovincia,descripcion) values (210,'PAUCAS');
insert into distrito (idprovincia,descripcion) values (210,'PONTO');
insert into distrito (idprovincia,descripcion) values (210,'RAHUAPAMPA');
insert into distrito (idprovincia,descripcion) values (210,'RAPAYAN');
insert into distrito (idprovincia,descripcion) values (210,'SAN MARCOS');
insert into distrito (idprovincia,descripcion) values (210,'SAN PEDRO DE CHANA');
insert into distrito (idprovincia,descripcion) values (210,'UCO');
insert into distrito (idprovincia,descripcion) values (211,'HUARMEY');
insert into distrito (idprovincia,descripcion) values (211,'COCHAPETI');
insert into distrito (idprovincia,descripcion) values (211,'CULEBRAS');
insert into distrito (idprovincia,descripcion) values (211,'HUAYAN');
insert into distrito (idprovincia,descripcion) values (211,'MALVAS');
insert into distrito (idprovincia,descripcion) values (212,'CARAZ');
insert into distrito (idprovincia,descripcion) values (212,'HUALLANCA');
insert into distrito (idprovincia,descripcion) values (212,'HUATA');
insert into distrito (idprovincia,descripcion) values (212,'HUAYLAS');
insert into distrito (idprovincia,descripcion) values (212,'MATO');
insert into distrito (idprovincia,descripcion) values (212,'PAMPAROMAS');
insert into distrito (idprovincia,descripcion) values (212,'PUEBLO LIBRE');
insert into distrito (idprovincia,descripcion) values (212,'SANTA CRUZ');
insert into distrito (idprovincia,descripcion) values (212,'SANTO TORIBIO');
insert into distrito (idprovincia,descripcion) values (212,'YURACMARCA');
insert into distrito (idprovincia,descripcion) values (213,'PISCOBAMBA');
insert into distrito (idprovincia,descripcion) values (213,'CASCA');
insert into distrito (idprovincia,descripcion) values (213,'ELEAZAR GUZMAN BARRON');
insert into distrito (idprovincia,descripcion) values (213,'FIDEL OLIVAS ESCUDERO');
insert into distrito (idprovincia,descripcion) values (213,'LLAMA');
insert into distrito (idprovincia,descripcion) values (213,'LLUMPA');
insert into distrito (idprovincia,descripcion) values (213,'LUCMA');
insert into distrito (idprovincia,descripcion) values (213,'MUSGA');
insert into distrito (idprovincia,descripcion) values (214,'OCROS');
insert into distrito (idprovincia,descripcion) values (214,'ACAS');
insert into distrito (idprovincia,descripcion) values (214,'CAJAMARQUILLA');
insert into distrito (idprovincia,descripcion) values (214,'CARHUAPAMPA');
insert into distrito (idprovincia,descripcion) values (214,'COCHAS');
insert into distrito (idprovincia,descripcion) values (214,'CONGAS');
insert into distrito (idprovincia,descripcion) values (214,'LLIPA');
insert into distrito (idprovincia,descripcion) values (214,'SAN CRISTOBAL DE RAJAN');
insert into distrito (idprovincia,descripcion) values (214,'SAN PEDRO');
insert into distrito (idprovincia,descripcion) values (214,'SANTIAGO DE CHILCAS');
insert into distrito (idprovincia,descripcion) values (215,'CABANA');
insert into distrito (idprovincia,descripcion) values (215,'BOLOGNESI');
insert into distrito (idprovincia,descripcion) values (215,'CONCHUCOS');
insert into distrito (idprovincia,descripcion) values (215,'HUACASCHUQUE');
insert into distrito (idprovincia,descripcion) values (215,'HUANDOVAL');
insert into distrito (idprovincia,descripcion) values (215,'LACABAMBA');
insert into distrito (idprovincia,descripcion) values (215,'LLAPO');
insert into distrito (idprovincia,descripcion) values (215,'PALLASCA');
insert into distrito (idprovincia,descripcion) values (215,'PAMPAS');
insert into distrito (idprovincia,descripcion) values (215,'SANTA ROSA');
insert into distrito (idprovincia,descripcion) values (215,'TAUCA');
insert into distrito (idprovincia,descripcion) values (216,'POMABAMBA');
insert into distrito (idprovincia,descripcion) values (216,'HUAYLLAN');
insert into distrito (idprovincia,descripcion) values (216,'PAROBAMBA');
insert into distrito (idprovincia,descripcion) values (216,'QUINUABAMBA');
insert into distrito (idprovincia,descripcion) values (217,'RECUAY');
insert into distrito (idprovincia,descripcion) values (217,'CATAC');
insert into distrito (idprovincia,descripcion) values (217,'COTAPARACO');
insert into distrito (idprovincia,descripcion) values (217,'HUAYLLAPAMPA');
insert into distrito (idprovincia,descripcion) values (217,'LLACLLIN');
insert into distrito (idprovincia,descripcion) values (217,'MARCA');
insert into distrito (idprovincia,descripcion) values (217,'PAMPAS CHICO');
insert into distrito (idprovincia,descripcion) values (217,'PARARIN');
insert into distrito (idprovincia,descripcion) values (217,'TAPACOCHA');
insert into distrito (idprovincia,descripcion) values (217,'TICAPAMPA');
insert into distrito (idprovincia,descripcion) values (218,'CHIMBOTE');
insert into distrito (idprovincia,descripcion) values (218,'CACERES DEL PERU');
insert into distrito (idprovincia,descripcion) values (218,'COISHCO');
insert into distrito (idprovincia,descripcion) values (218,'MACATE');
insert into distrito (idprovincia,descripcion) values (218,'MORO');
insert into distrito (idprovincia,descripcion) values (218,'NEPEÑA');
insert into distrito (idprovincia,descripcion) values (218,'SAMANCO');
insert into distrito (idprovincia,descripcion) values (218,'SANTA');
insert into distrito (idprovincia,descripcion) values (218,'NUEVO CHIMBOTE');
insert into distrito (idprovincia,descripcion) values (219,'SIHUAS');
insert into distrito (idprovincia,descripcion) values (219,'ACOBAMBA');
insert into distrito (idprovincia,descripcion) values (219,'ALFONSO UGARTE');
insert into distrito (idprovincia,descripcion) values (219,'CASHAPAMPA');
insert into distrito (idprovincia,descripcion) values (219,'CHINGALPO');
insert into distrito (idprovincia,descripcion) values (219,'HUAYLLABAMBA');
insert into distrito (idprovincia,descripcion) values (219,'QUICHES');
insert into distrito (idprovincia,descripcion) values (219,'RAGASH');
insert into distrito (idprovincia,descripcion) values (219,'SAN JUAN');
insert into distrito (idprovincia,descripcion) values (219,'SICSIBAMBA');
insert into distrito (idprovincia,descripcion) values (220,'YUNGAY');
insert into distrito (idprovincia,descripcion) values (220,'CASCAPARA');
insert into distrito (idprovincia,descripcion) values (220,'MANCOS');
insert into distrito (idprovincia,descripcion) values (220,'MATACOTO');
insert into distrito (idprovincia,descripcion) values (220,'QUILLO');
insert into distrito (idprovincia,descripcion) values (220,'RANRAHIRCA');
insert into distrito (idprovincia,descripcion) values (220,'SHUPLUY');
insert into distrito (idprovincia,descripcion) values (220,'YANAMA');
insert into distrito (idprovincia,descripcion) values (301,'ABANCAY');
insert into distrito (idprovincia,descripcion) values (301,'CHACOCHE');
insert into distrito (idprovincia,descripcion) values (301,'CIRCA');
insert into distrito (idprovincia,descripcion) values (301,'CURAHUASI');
insert into distrito (idprovincia,descripcion) values (301,'HUANIPACA');
insert into distrito (idprovincia,descripcion) values (301,'LAMBRAMA');
insert into distrito (idprovincia,descripcion) values (301,'PICHIRHUA');
insert into distrito (idprovincia,descripcion) values (301,'SAN PEDRO DE CACHORA');
insert into distrito (idprovincia,descripcion) values (301,'TAMBURCO');
insert into distrito (idprovincia,descripcion) values (302,'ANDAHUAYLAS');
insert into distrito (idprovincia,descripcion) values (302,'ANDARAPA');
insert into distrito (idprovincia,descripcion) values (302,'CHIARA');
insert into distrito (idprovincia,descripcion) values (302,'HUANCARAMA');
insert into distrito (idprovincia,descripcion) values (302,'HUANCARAY');
insert into distrito (idprovincia,descripcion) values (302,'HUAYANA');
insert into distrito (idprovincia,descripcion) values (302,'KISHUARA');
insert into distrito (idprovincia,descripcion) values (302,'PACOBAMBA');
insert into distrito (idprovincia,descripcion) values (302,'PACUCHA');
insert into distrito (idprovincia,descripcion) values (302,'PAMPACHIRI');
insert into distrito (idprovincia,descripcion) values (302,'POMACOCHA');
insert into distrito (idprovincia,descripcion) values (302,'SAN ANTONIO DE CACHI');
insert into distrito (idprovincia,descripcion) values (302,'SAN JERONIMO');
insert into distrito (idprovincia,descripcion) values (302,'SAN MIGUEL DE CHACCRAMPA');
insert into distrito (idprovincia,descripcion) values (302,'SANTA MARIA DE CHICMO');
insert into distrito (idprovincia,descripcion) values (302,'TALAVERA');
insert into distrito (idprovincia,descripcion) values (302,'TUMAY HUARACA');
insert into distrito (idprovincia,descripcion) values (302,'TURPO');
insert into distrito (idprovincia,descripcion) values (302,'KAQUIABAMBA');
insert into distrito (idprovincia,descripcion) values (302,'JOSE MARIA ARGUEDAS');
insert into distrito (idprovincia,descripcion) values (303,'ANTABAMBA');
insert into distrito (idprovincia,descripcion) values (303,'EL ORO');
insert into distrito (idprovincia,descripcion) values (303,'HUAQUIRCA');
insert into distrito (idprovincia,descripcion) values (303,'JUAN ESPINOZA MEDRANO');
insert into distrito (idprovincia,descripcion) values (303,'OROPESA');
insert into distrito (idprovincia,descripcion) values (303,'PACHACONAS');
insert into distrito (idprovincia,descripcion) values (303,'SABAINO');
insert into distrito (idprovincia,descripcion) values (304,'CHALHUANCA');
insert into distrito (idprovincia,descripcion) values (304,'CAPAYA');
insert into distrito (idprovincia,descripcion) values (304,'CARAYBAMBA');
insert into distrito (idprovincia,descripcion) values (304,'CHAPIMARCA');
insert into distrito (idprovincia,descripcion) values (304,'COLCABAMBA');
insert into distrito (idprovincia,descripcion) values (304,'COTARUSE');
insert into distrito (idprovincia,descripcion) values (304,'HUAYLLO');
insert into distrito (idprovincia,descripcion) values (304,'JUSTO APU SAHUARAURA');
insert into distrito (idprovincia,descripcion) values (304,'LUCRE');
insert into distrito (idprovincia,descripcion) values (304,'POCOHUANCA');
insert into distrito (idprovincia,descripcion) values (304,'SAN JUAN DE CHACÑA');
insert into distrito (idprovincia,descripcion) values (304,'SAÑAYCA');
insert into distrito (idprovincia,descripcion) values (304,'SORAYA');
insert into distrito (idprovincia,descripcion) values (304,'TAPAIRIHUA');
insert into distrito (idprovincia,descripcion) values (304,'TINTAY');
insert into distrito (idprovincia,descripcion) values (304,'TORAYA');
insert into distrito (idprovincia,descripcion) values (304,'YANACA');
insert into distrito (idprovincia,descripcion) values (305,'TAMBOBAMBA');
insert into distrito (idprovincia,descripcion) values (305,'COTABAMBAS');
insert into distrito (idprovincia,descripcion) values (305,'COYLLURQUI');
insert into distrito (idprovincia,descripcion) values (305,'HAQUIRA');
insert into distrito (idprovincia,descripcion) values (305,'MARA');
insert into distrito (idprovincia,descripcion) values (305,'CHALLHUAHUACHO');
insert into distrito (idprovincia,descripcion) values (306,'CHINCHEROS');
insert into distrito (idprovincia,descripcion) values (306,'ANCO-HUALLO');
insert into distrito (idprovincia,descripcion) values (306,'COCHARCAS');
insert into distrito (idprovincia,descripcion) values (306,'HUACCANA');
insert into distrito (idprovincia,descripcion) values (306,'OCOBAMBA');
insert into distrito (idprovincia,descripcion) values (306,'ONGOY');
insert into distrito (idprovincia,descripcion) values (306,'URANMARCA');
insert into distrito (idprovincia,descripcion) values (306,'RANRACANCHA');
insert into distrito (idprovincia,descripcion) values (306,'ROCCHACC');
insert into distrito (idprovincia,descripcion) values (306,'EL PORVENIR');
insert into distrito (idprovincia,descripcion) values (306,'LOS CHANKAS');
insert into distrito (idprovincia,descripcion) values (307,'CHUQUIBAMBILLA');
insert into distrito (idprovincia,descripcion) values (307,'CURPAHUASI');
insert into distrito (idprovincia,descripcion) values (307,'GAMARRA');
insert into distrito (idprovincia,descripcion) values (307,'HUAYLLATI');
insert into distrito (idprovincia,descripcion) values (307,'MAMARA');
insert into distrito (idprovincia,descripcion) values (307,'MICAELA BASTIDAS');
insert into distrito (idprovincia,descripcion) values (307,'PATAYPAMPA');
insert into distrito (idprovincia,descripcion) values (307,'PROGRESO');
insert into distrito (idprovincia,descripcion) values (307,'SAN ANTONIO');
insert into distrito (idprovincia,descripcion) values (307,'SANTA ROSA');
insert into distrito (idprovincia,descripcion) values (307,'TURPAY');
insert into distrito (idprovincia,descripcion) values (307,'VILCABAMBA');
insert into distrito (idprovincia,descripcion) values (307,'VIRUNDO');
insert into distrito (idprovincia,descripcion) values (307,'CURASCO');
insert into distrito (idprovincia,descripcion) values (401,'AREQUIPA');
insert into distrito (idprovincia,descripcion) values (401,'ALTO SELVA ALEGRE');
insert into distrito (idprovincia,descripcion) values (401,'CAYMA');
insert into distrito (idprovincia,descripcion) values (401,'CERRO COLORADO');
insert into distrito (idprovincia,descripcion) values (401,'CHARACATO');
insert into distrito (idprovincia,descripcion) values (401,'CHIGUATA');
insert into distrito (idprovincia,descripcion) values (401,'JACOBO HUNTER');
insert into distrito (idprovincia,descripcion) values (401,'LA JOYA');
insert into distrito (idprovincia,descripcion) values (401,'MARIANO MELGAR');
insert into distrito (idprovincia,descripcion) values (401,'MIRAFLORES');
insert into distrito (idprovincia,descripcion) values (401,'MOLLEBAYA');
insert into distrito (idprovincia,descripcion) values (401,'PAUCARPATA');
insert into distrito (idprovincia,descripcion) values (401,'POCSI');
insert into distrito (idprovincia,descripcion) values (401,'POLOBAYA');
insert into distrito (idprovincia,descripcion) values (401,'QUEQUEÑA');
insert into distrito (idprovincia,descripcion) values (401,'SABANDIA');
insert into distrito (idprovincia,descripcion) values (401,'SACHACA');
insert into distrito (idprovincia,descripcion) values (401,'SAN JUAN DE SIGUAS');
insert into distrito (idprovincia,descripcion) values (401,'SAN JUAN DE TARUCANI');
insert into distrito (idprovincia,descripcion) values (401,'SANTA ISABEL DE SIGUAS');
insert into distrito (idprovincia,descripcion) values (401,'SANTA RITA DE SIGUAS');
insert into distrito (idprovincia,descripcion) values (401,'SOCABAYA');
insert into distrito (idprovincia,descripcion) values (401,'TIABAYA');
insert into distrito (idprovincia,descripcion) values (401,'UCHUMAYO');
insert into distrito (idprovincia,descripcion) values (401,'VITOR');
insert into distrito (idprovincia,descripcion) values (401,'YANAHUARA');
insert into distrito (idprovincia,descripcion) values (401,'YARABAMBA');
insert into distrito (idprovincia,descripcion) values (401,'YURA');
insert into distrito (idprovincia,descripcion) values (401,'JOSE LUIS BUSTAMANTE Y RIVERO');
insert into distrito (idprovincia,descripcion) values (402,'CAMANA');
insert into distrito (idprovincia,descripcion) values (402,'JOSE MARIA QUIMPER');
insert into distrito (idprovincia,descripcion) values (402,'MARIANO NICOLAS VALCARCEL');
insert into distrito (idprovincia,descripcion) values (402,'MARISCAL CACERES');
insert into distrito (idprovincia,descripcion) values (402,'NICOLAS DE PIEROLA');
insert into distrito (idprovincia,descripcion) values (402,'OCOÑA');
insert into distrito (idprovincia,descripcion) values (402,'QUILCA');
insert into distrito (idprovincia,descripcion) values (402,'SAMUEL PASTOR');
insert into distrito (idprovincia,descripcion) values (403,'CARAVELI');
insert into distrito (idprovincia,descripcion) values (403,'ACARI');
insert into distrito (idprovincia,descripcion) values (403,'ATICO');
insert into distrito (idprovincia,descripcion) values (403,'ATIQUIPA');
insert into distrito (idprovincia,descripcion) values (403,'BELLA UNION');
insert into distrito (idprovincia,descripcion) values (403,'CAHUACHO');
insert into distrito (idprovincia,descripcion) values (403,'CHALA');
insert into distrito (idprovincia,descripcion) values (403,'CHAPARRA');
insert into distrito (idprovincia,descripcion) values (403,'HUANUHUANU');
insert into distrito (idprovincia,descripcion) values (403,'JAQUI');
insert into distrito (idprovincia,descripcion) values (403,'LOMAS');
insert into distrito (idprovincia,descripcion) values (403,'QUICACHA');
insert into distrito (idprovincia,descripcion) values (403,'YAUCA');
insert into distrito (idprovincia,descripcion) values (404,'APLAO');
insert into distrito (idprovincia,descripcion) values (404,'ANDAGUA');
insert into distrito (idprovincia,descripcion) values (404,'AYO');
insert into distrito (idprovincia,descripcion) values (404,'CHACHAS');
insert into distrito (idprovincia,descripcion) values (404,'CHILCAYMARCA');
insert into distrito (idprovincia,descripcion) values (404,'CHOCO');
insert into distrito (idprovincia,descripcion) values (404,'HUANCARQUI');
insert into distrito (idprovincia,descripcion) values (404,'MACHAGUAY');
insert into distrito (idprovincia,descripcion) values (404,'ORCOPAMPA');
insert into distrito (idprovincia,descripcion) values (404,'PAMPACOLCA');
insert into distrito (idprovincia,descripcion) values (404,'TIPAN');
insert into distrito (idprovincia,descripcion) values (404,'UÑON');
insert into distrito (idprovincia,descripcion) values (404,'URACA');
insert into distrito (idprovincia,descripcion) values (404,'VIRACO');
insert into distrito (idprovincia,descripcion) values (405,'CHIVAY');
insert into distrito (idprovincia,descripcion) values (405,'ACHOMA');
insert into distrito (idprovincia,descripcion) values (405,'CABANACONDE');
insert into distrito (idprovincia,descripcion) values (405,'CALLALLI');
insert into distrito (idprovincia,descripcion) values (405,'CAYLLOMA');
insert into distrito (idprovincia,descripcion) values (405,'COPORAQUE');
insert into distrito (idprovincia,descripcion) values (405,'HUAMBO');
insert into distrito (idprovincia,descripcion) values (405,'HUANCA');
insert into distrito (idprovincia,descripcion) values (405,'ICHUPAMPA');
insert into distrito (idprovincia,descripcion) values (405,'LARI');
insert into distrito (idprovincia,descripcion) values (405,'LLUTA');
insert into distrito (idprovincia,descripcion) values (405,'MACA');
insert into distrito (idprovincia,descripcion) values (405,'MADRIGAL');
insert into distrito (idprovincia,descripcion) values (405,'SAN ANTONIO DE CHUCA');
insert into distrito (idprovincia,descripcion) values (405,'SIBAYO');
insert into distrito (idprovincia,descripcion) values (405,'TAPAY');
insert into distrito (idprovincia,descripcion) values (405,'TISCO');
insert into distrito (idprovincia,descripcion) values (405,'TUTI');
insert into distrito (idprovincia,descripcion) values (405,'YANQUE');
insert into distrito (idprovincia,descripcion) values (405,'MAJES');
insert into distrito (idprovincia,descripcion) values (406,'CHUQUIBAMBA');
insert into distrito (idprovincia,descripcion) values (406,'ANDARAY');
insert into distrito (idprovincia,descripcion) values (406,'CAYARANI');
insert into distrito (idprovincia,descripcion) values (406,'CHICHAS');
insert into distrito (idprovincia,descripcion) values (406,'IRAY');
insert into distrito (idprovincia,descripcion) values (406,'RIO GRANDE');
insert into distrito (idprovincia,descripcion) values (406,'SALAMANCA');
insert into distrito (idprovincia,descripcion) values (406,'YANAQUIHUA');
insert into distrito (idprovincia,descripcion) values (407,'MOLLENDO');
insert into distrito (idprovincia,descripcion) values (407,'COCACHACRA');
insert into distrito (idprovincia,descripcion) values (407,'DEAN VALDIVIA');
insert into distrito (idprovincia,descripcion) values (407,'ISLAY');
insert into distrito (idprovincia,descripcion) values (407,'MEJIA');
insert into distrito (idprovincia,descripcion) values (407,'PUNTA DE BOMBON');
insert into distrito (idprovincia,descripcion) values (408,'COTAHUASI');
insert into distrito (idprovincia,descripcion) values (408,'ALCA');
insert into distrito (idprovincia,descripcion) values (408,'CHARCANA');
insert into distrito (idprovincia,descripcion) values (408,'HUAYNACOTAS');
insert into distrito (idprovincia,descripcion) values (408,'PAMPAMARCA');
insert into distrito (idprovincia,descripcion) values (408,'PUYCA');
insert into distrito (idprovincia,descripcion) values (408,'QUECHUALLA');
insert into distrito (idprovincia,descripcion) values (408,'SAYLA');
insert into distrito (idprovincia,descripcion) values (408,'TAURIA');
insert into distrito (idprovincia,descripcion) values (408,'TOMEPAMPA');
insert into distrito (idprovincia,descripcion) values (408,'TORO');
insert into distrito (idprovincia,descripcion) values (501,'AYACUCHO');
insert into distrito (idprovincia,descripcion) values (501,'ACOCRO');
insert into distrito (idprovincia,descripcion) values (501,'ACOS VINCHOS');
insert into distrito (idprovincia,descripcion) values (501,'CARMEN ALTO');
insert into distrito (idprovincia,descripcion) values (501,'CHIARA');
insert into distrito (idprovincia,descripcion) values (501,'OCROS');
insert into distrito (idprovincia,descripcion) values (501,'PACAYCASA');
insert into distrito (idprovincia,descripcion) values (501,'QUINUA');
insert into distrito (idprovincia,descripcion) values (501,'SAN JOSE DE TICLLAS');
insert into distrito (idprovincia,descripcion) values (501,'SAN JUAN BAUTISTA');
insert into distrito (idprovincia,descripcion) values (501,'SANTIAGO DE PISCHA');
insert into distrito (idprovincia,descripcion) values (501,'SOCOS');
insert into distrito (idprovincia,descripcion) values (501,'TAMBILLO');
insert into distrito (idprovincia,descripcion) values (501,'VINCHOS');
insert into distrito (idprovincia,descripcion) values (501,'JESUS NAZARENO');
insert into distrito (idprovincia,descripcion) values (501,'ANDRES AVELINO CACERES DORREGARAY');
insert into distrito (idprovincia,descripcion) values (502,'CANGALLO');
insert into distrito (idprovincia,descripcion) values (502,'CHUSCHI');
insert into distrito (idprovincia,descripcion) values (502,'LOS MOROCHUCOS');
insert into distrito (idprovincia,descripcion) values (502,'MARIA PARADO DE BELLIDO');
insert into distrito (idprovincia,descripcion) values (502,'PARAS');
insert into distrito (idprovincia,descripcion) values (502,'TOTOS');
insert into distrito (idprovincia,descripcion) values (503,'SANCOS');
insert into distrito (idprovincia,descripcion) values (503,'CARAPO');
insert into distrito (idprovincia,descripcion) values (503,'SACSAMARCA');
insert into distrito (idprovincia,descripcion) values (503,'SANTIAGO DE LUCANAMARCA');
insert into distrito (idprovincia,descripcion) values (504,'HUANTA');
insert into distrito (idprovincia,descripcion) values (504,'AYAHUANCO');
insert into distrito (idprovincia,descripcion) values (504,'HUAMANGUILLA');
insert into distrito (idprovincia,descripcion) values (504,'IGUAIN');
insert into distrito (idprovincia,descripcion) values (504,'LURICOCHA');
insert into distrito (idprovincia,descripcion) values (504,'SANTILLANA');
insert into distrito (idprovincia,descripcion) values (504,'SIVIA');
insert into distrito (idprovincia,descripcion) values (504,'LLOCHEGUA');
insert into distrito (idprovincia,descripcion) values (504,'CANAYRE');
insert into distrito (idprovincia,descripcion) values (504,'UCHURACCAY');
insert into distrito (idprovincia,descripcion) values (504,'PUCACOLPA');
insert into distrito (idprovincia,descripcion) values (504,'CHACA');
insert into distrito (idprovincia,descripcion) values (505,'SAN MIGUEL');
insert into distrito (idprovincia,descripcion) values (505,'ANCO');
insert into distrito (idprovincia,descripcion) values (505,'AYNA');
insert into distrito (idprovincia,descripcion) values (505,'CHILCAS');
insert into distrito (idprovincia,descripcion) values (505,'CHUNGUI');
insert into distrito (idprovincia,descripcion) values (505,'LUIS CARRANZA');
insert into distrito (idprovincia,descripcion) values (505,'SANTA ROSA');
insert into distrito (idprovincia,descripcion) values (505,'TAMBO');
insert into distrito (idprovincia,descripcion) values (505,'SAMUGARI');
insert into distrito (idprovincia,descripcion) values (505,'ANCHIHUAY');
insert into distrito (idprovincia,descripcion) values (505,'ORONCCOY');
insert into distrito (idprovincia,descripcion) values (506,'PUQUIO');
insert into distrito (idprovincia,descripcion) values (506,'AUCARA');
insert into distrito (idprovincia,descripcion) values (506,'CABANA');
insert into distrito (idprovincia,descripcion) values (506,'CARMEN SALCEDO');
insert into distrito (idprovincia,descripcion) values (506,'CHAVIÑA');
insert into distrito (idprovincia,descripcion) values (506,'CHIPAO');
insert into distrito (idprovincia,descripcion) values (506,'HUAC-HUAS');
insert into distrito (idprovincia,descripcion) values (506,'LARAMATE');
insert into distrito (idprovincia,descripcion) values (506,'LEONCIO PRADO');
insert into distrito (idprovincia,descripcion) values (506,'LLAUTA');
insert into distrito (idprovincia,descripcion) values (506,'LUCANAS');
insert into distrito (idprovincia,descripcion) values (506,'OCAÑA');
insert into distrito (idprovincia,descripcion) values (506,'OTOCA');
insert into distrito (idprovincia,descripcion) values (506,'SAISA');
insert into distrito (idprovincia,descripcion) values (506,'SAN CRISTOBAL');
insert into distrito (idprovincia,descripcion) values (506,'SAN JUAN');
insert into distrito (idprovincia,descripcion) values (506,'SAN PEDRO');
insert into distrito (idprovincia,descripcion) values (506,'SAN PEDRO DE PALCO');
insert into distrito (idprovincia,descripcion) values (506,'SANCOS');
insert into distrito (idprovincia,descripcion) values (506,'SANTA ANA DE HUAYCAHUACHO');
insert into distrito (idprovincia,descripcion) values (506,'SANTA LUCIA');
insert into distrito (idprovincia,descripcion) values (507,'CORACORA');
insert into distrito (idprovincia,descripcion) values (507,'CHUMPI');
insert into distrito (idprovincia,descripcion) values (507,'CORONEL CASTAÑEDA');
insert into distrito (idprovincia,descripcion) values (507,'PACAPAUSA');
insert into distrito (idprovincia,descripcion) values (507,'PULLO');
insert into distrito (idprovincia,descripcion) values (507,'PUYUSCA');
insert into distrito (idprovincia,descripcion) values (507,'SAN FRANCISCO DE RAVACAYCO');
insert into distrito (idprovincia,descripcion) values (507,'UPAHUACHO');
insert into distrito (idprovincia,descripcion) values (508,'PAUSA');
insert into distrito (idprovincia,descripcion) values (508,'COLTA');
insert into distrito (idprovincia,descripcion) values (508,'CORCULLA');
insert into distrito (idprovincia,descripcion) values (508,'LAMPA');
insert into distrito (idprovincia,descripcion) values (508,'MARCABAMBA');
insert into distrito (idprovincia,descripcion) values (508,'OYOLO');
insert into distrito (idprovincia,descripcion) values (508,'PARARCA');
insert into distrito (idprovincia,descripcion) values (508,'SAN JAVIER DE ALPABAMBA');
insert into distrito (idprovincia,descripcion) values (508,'SAN JOSE DE USHUA');
insert into distrito (idprovincia,descripcion) values (508,'SARA SARA');
insert into distrito (idprovincia,descripcion) values (509,'QUEROBAMBA');
insert into distrito (idprovincia,descripcion) values (509,'BELEN');
insert into distrito (idprovincia,descripcion) values (509,'CHALCOS');
insert into distrito (idprovincia,descripcion) values (509,'CHILCAYOC');
insert into distrito (idprovincia,descripcion) values (509,'HUACAÑA');
insert into distrito (idprovincia,descripcion) values (509,'MORCOLLA');
insert into distrito (idprovincia,descripcion) values (509,'PAICO');
insert into distrito (idprovincia,descripcion) values (509,'SAN PEDRO DE LARCAY');
insert into distrito (idprovincia,descripcion) values (509,'SAN SALVADOR DE QUIJE');
insert into distrito (idprovincia,descripcion) values (509,'SANTIAGO DE PAUCARAY');
insert into distrito (idprovincia,descripcion) values (509,'SORAS');
insert into distrito (idprovincia,descripcion) values (510,'HUANCAPI');
insert into distrito (idprovincia,descripcion) values (510,'ALCAMENCA');
insert into distrito (idprovincia,descripcion) values (510,'APONGO');
insert into distrito (idprovincia,descripcion) values (510,'ASQUIPATA');
insert into distrito (idprovincia,descripcion) values (510,'CANARIA');
insert into distrito (idprovincia,descripcion) values (510,'CAYARA');
insert into distrito (idprovincia,descripcion) values (510,'COLCA');
insert into distrito (idprovincia,descripcion) values (510,'HUAMANQUIQUIA');
insert into distrito (idprovincia,descripcion) values (510,'HUANCARAYLLA');
insert into distrito (idprovincia,descripcion) values (510,'HUAYA');
insert into distrito (idprovincia,descripcion) values (510,'SARHUA');
insert into distrito (idprovincia,descripcion) values (510,'VILCANCHOS');
insert into distrito (idprovincia,descripcion) values (511,'VILCAS HUAMAN');
insert into distrito (idprovincia,descripcion) values (511,'ACCOMARCA');
insert into distrito (idprovincia,descripcion) values (511,'CARHUANCA');
insert into distrito (idprovincia,descripcion) values (511,'CONCEPCION');
insert into distrito (idprovincia,descripcion) values (511,'HUAMBALPA');
insert into distrito (idprovincia,descripcion) values (511,'INDEPENDENCIA');
insert into distrito (idprovincia,descripcion) values (511,'SAURAMA');
insert into distrito (idprovincia,descripcion) values (511,'VISCHONGO');
insert into distrito (idprovincia,descripcion) values (601,'CAJAMARCA');
insert into distrito (idprovincia,descripcion) values (601,'ASUNCION');
insert into distrito (idprovincia,descripcion) values (601,'CHETILLA');
insert into distrito (idprovincia,descripcion) values (601,'COSPAN');
insert into distrito (idprovincia,descripcion) values (601,'ENCAÑADA');
insert into distrito (idprovincia,descripcion) values (601,'JESUS');
insert into distrito (idprovincia,descripcion) values (601,'LLACANORA');
insert into distrito (idprovincia,descripcion) values (601,'LOS BAÑOS DEL INCA');
insert into distrito (idprovincia,descripcion) values (601,'MAGDALENA');
insert into distrito (idprovincia,descripcion) values (601,'MATARA');
insert into distrito (idprovincia,descripcion) values (601,'NAMORA');
insert into distrito (idprovincia,descripcion) values (601,'SAN JUAN');
insert into distrito (idprovincia,descripcion) values (602,'CAJABAMBA');
insert into distrito (idprovincia,descripcion) values (602,'CACHACHI');
insert into distrito (idprovincia,descripcion) values (602,'CONDEBAMBA');
insert into distrito (idprovincia,descripcion) values (602,'SITACOCHA');
insert into distrito (idprovincia,descripcion) values (603,'CELENDIN');
insert into distrito (idprovincia,descripcion) values (603,'CHUMUCH');
insert into distrito (idprovincia,descripcion) values (603,'CORTEGANA');
insert into distrito (idprovincia,descripcion) values (603,'HUASMIN');
insert into distrito (idprovincia,descripcion) values (603,'JORGE CHAVEZ');
insert into distrito (idprovincia,descripcion) values (603,'JOSE GALVEZ');
insert into distrito (idprovincia,descripcion) values (603,'MIGUEL IGLESIAS');
insert into distrito (idprovincia,descripcion) values (603,'OXAMARCA');
insert into distrito (idprovincia,descripcion) values (603,'SOROCHUCO');
insert into distrito (idprovincia,descripcion) values (603,'SUCRE');
insert into distrito (idprovincia,descripcion) values (603,'UTCO');
insert into distrito (idprovincia,descripcion) values (603,'LA LIBERTAD DE PALLAN');
insert into distrito (idprovincia,descripcion) values (604,'CHOTA');
insert into distrito (idprovincia,descripcion) values (604,'ANGUIA');
insert into distrito (idprovincia,descripcion) values (604,'CHADIN');
insert into distrito (idprovincia,descripcion) values (604,'CHIGUIRIP');
insert into distrito (idprovincia,descripcion) values (604,'CHIMBAN');
insert into distrito (idprovincia,descripcion) values (604,'CHOROPAMPA');
insert into distrito (idprovincia,descripcion) values (604,'COCHABAMBA');
insert into distrito (idprovincia,descripcion) values (604,'CONCHAN');
insert into distrito (idprovincia,descripcion) values (604,'HUAMBOS');
insert into distrito (idprovincia,descripcion) values (604,'LAJAS');
insert into distrito (idprovincia,descripcion) values (604,'LLAMA');
insert into distrito (idprovincia,descripcion) values (604,'MIRACOSTA');
insert into distrito (idprovincia,descripcion) values (604,'PACCHA');
insert into distrito (idprovincia,descripcion) values (604,'PION');
insert into distrito (idprovincia,descripcion) values (604,'QUEROCOTO');
insert into distrito (idprovincia,descripcion) values (604,'SAN JUAN DE LICUPIS');
insert into distrito (idprovincia,descripcion) values (604,'TACABAMBA');
insert into distrito (idprovincia,descripcion) values (604,'TOCMOCHE');
insert into distrito (idprovincia,descripcion) values (604,'CHALAMARCA');
insert into distrito (idprovincia,descripcion) values (605,'CONTUMAZA');
insert into distrito (idprovincia,descripcion) values (605,'CHILETE');
insert into distrito (idprovincia,descripcion) values (605,'CUPISNIQUE');
insert into distrito (idprovincia,descripcion) values (605,'GUZMANGO');
insert into distrito (idprovincia,descripcion) values (605,'SAN BENITO');
insert into distrito (idprovincia,descripcion) values (605,'SANTA CRUZ DE TOLEDO');
insert into distrito (idprovincia,descripcion) values (605,'TANTARICA');
insert into distrito (idprovincia,descripcion) values (605,'YONAN');
insert into distrito (idprovincia,descripcion) values (606,'CUTERVO');
insert into distrito (idprovincia,descripcion) values (606,'CALLAYUC');
insert into distrito (idprovincia,descripcion) values (606,'CHOROS');
insert into distrito (idprovincia,descripcion) values (606,'CUJILLO');
insert into distrito (idprovincia,descripcion) values (606,'LA RAMADA');
insert into distrito (idprovincia,descripcion) values (606,'PIMPINGOS');
insert into distrito (idprovincia,descripcion) values (606,'QUEROCOTILLO');
insert into distrito (idprovincia,descripcion) values (606,'SAN ANDRES DE CUTERVO');
insert into distrito (idprovincia,descripcion) values (606,'SAN JUAN DE CUTERVO');
insert into distrito (idprovincia,descripcion) values (606,'SAN LUIS DE LUCMA');
insert into distrito (idprovincia,descripcion) values (606,'SANTA CRUZ');
insert into distrito (idprovincia,descripcion) values (606,'SANTO DOMINGO DE LA CAPILLA');
insert into distrito (idprovincia,descripcion) values (606,'SANTO TOMAS');
insert into distrito (idprovincia,descripcion) values (606,'SOCOTA');
insert into distrito (idprovincia,descripcion) values (606,'TORIBIO CASANOVA');
insert into distrito (idprovincia,descripcion) values (607,'BAMBAMARCA');
insert into distrito (idprovincia,descripcion) values (607,'CHUGUR');
insert into distrito (idprovincia,descripcion) values (607,'HUALGAYOC');
insert into distrito (idprovincia,descripcion) values (608,'JAEN');
insert into distrito (idprovincia,descripcion) values (608,'BELLAVISTA');
insert into distrito (idprovincia,descripcion) values (608,'CHONTALI');
insert into distrito (idprovincia,descripcion) values (608,'COLASAY');
insert into distrito (idprovincia,descripcion) values (608,'HUABAL');
insert into distrito (idprovincia,descripcion) values (608,'LAS PIRIAS');
insert into distrito (idprovincia,descripcion) values (608,'POMAHUACA');
insert into distrito (idprovincia,descripcion) values (608,'PUCARA');
insert into distrito (idprovincia,descripcion) values (608,'SALLIQUE');
insert into distrito (idprovincia,descripcion) values (608,'SAN FELIPE');
insert into distrito (idprovincia,descripcion) values (608,'SAN JOSE DEL ALTO');
insert into distrito (idprovincia,descripcion) values (608,'SANTA ROSA');
insert into distrito (idprovincia,descripcion) values (609,'SAN IGNACIO');
insert into distrito (idprovincia,descripcion) values (609,'CHIRINOS');
insert into distrito (idprovincia,descripcion) values (609,'HUARANGO');
insert into distrito (idprovincia,descripcion) values (609,'LA COIPA');
insert into distrito (idprovincia,descripcion) values (609,'NAMBALLE');
insert into distrito (idprovincia,descripcion) values (609,'SAN JOSE DE LOURDES');
insert into distrito (idprovincia,descripcion) values (609,'TABACONAS');
insert into distrito (idprovincia,descripcion) values (610,'PEDRO GALVEZ');
insert into distrito (idprovincia,descripcion) values (610,'CHANCAY');
insert into distrito (idprovincia,descripcion) values (610,'EDUARDO VILLANUEVA');
insert into distrito (idprovincia,descripcion) values (610,'GREGORIO PITA');
insert into distrito (idprovincia,descripcion) values (610,'ICHOCAN');
insert into distrito (idprovincia,descripcion) values (610,'JOSE MANUEL QUIROZ');
insert into distrito (idprovincia,descripcion) values (610,'JOSE SABOGAL');
insert into distrito (idprovincia,descripcion) values (611,'SAN MIGUEL');
insert into distrito (idprovincia,descripcion) values (611,'BOLIVAR');
insert into distrito (idprovincia,descripcion) values (611,'CALQUIS');
insert into distrito (idprovincia,descripcion) values (611,'CATILLUC');
insert into distrito (idprovincia,descripcion) values (611,'EL PRADO');
insert into distrito (idprovincia,descripcion) values (611,'LA FLORIDA');
insert into distrito (idprovincia,descripcion) values (611,'LLAPA');
insert into distrito (idprovincia,descripcion) values (611,'NANCHOC');
insert into distrito (idprovincia,descripcion) values (611,'NIEPOS');
insert into distrito (idprovincia,descripcion) values (611,'SAN GREGORIO');
insert into distrito (idprovincia,descripcion) values (611,'SAN SILVESTRE DE COCHAN');
insert into distrito (idprovincia,descripcion) values (611,'TONGOD');
insert into distrito (idprovincia,descripcion) values (611,'UNION AGUA BLANCA');
insert into distrito (idprovincia,descripcion) values (612,'SAN PABLO');
insert into distrito (idprovincia,descripcion) values (612,'SAN BERNARDINO');
insert into distrito (idprovincia,descripcion) values (612,'SAN LUIS');
insert into distrito (idprovincia,descripcion) values (612,'TUMBADEN');
insert into distrito (idprovincia,descripcion) values (613,'SANTA CRUZ');
insert into distrito (idprovincia,descripcion) values (613,'ANDABAMBA');
insert into distrito (idprovincia,descripcion) values (613,'CATACHE');
insert into distrito (idprovincia,descripcion) values (613,'CHANCAYBAÑOS');
insert into distrito (idprovincia,descripcion) values (613,'LA ESPERANZA');
insert into distrito (idprovincia,descripcion) values (613,'NINABAMBA');
insert into distrito (idprovincia,descripcion) values (613,'PULAN');
insert into distrito (idprovincia,descripcion) values (613,'SAUCEPAMPA');
insert into distrito (idprovincia,descripcion) values (613,'SEXI');
insert into distrito (idprovincia,descripcion) values (613,'UTICYACU');
insert into distrito (idprovincia,descripcion) values (613,'YAUYUCAN');
insert into distrito (idprovincia,descripcion) values (701,'CALLAO');
insert into distrito (idprovincia,descripcion) values (701,'BELLAVISTA');
insert into distrito (idprovincia,descripcion) values (701,'CARMEN DE LA LEGUA REYNOSO');
insert into distrito (idprovincia,descripcion) values (701,'LA PERLA');
insert into distrito (idprovincia,descripcion) values (701,'LA PUNTA');
insert into distrito (idprovincia,descripcion) values (701,'VENTANILLA');
insert into distrito (idprovincia,descripcion) values (701,'MI PERU');
insert into distrito (idprovincia,descripcion) values (801,'CUSCO');
insert into distrito (idprovincia,descripcion) values (801,'CCORCA');
insert into distrito (idprovincia,descripcion) values (801,'POROY');
insert into distrito (idprovincia,descripcion) values (801,'SAN JERONIMO');
insert into distrito (idprovincia,descripcion) values (801,'SAN SEBASTIAN');
insert into distrito (idprovincia,descripcion) values (801,'SANTIAGO');
insert into distrito (idprovincia,descripcion) values (801,'SAYLLA');
insert into distrito (idprovincia,descripcion) values (801,'WANCHAQ');
insert into distrito (idprovincia,descripcion) values (802,'ACOMAYO');
insert into distrito (idprovincia,descripcion) values (802,'ACOPIA');
insert into distrito (idprovincia,descripcion) values (802,'ACOS');
insert into distrito (idprovincia,descripcion) values (802,'MOSOC LLACTA');
insert into distrito (idprovincia,descripcion) values (802,'POMACANCHI');
insert into distrito (idprovincia,descripcion) values (802,'RONDOCAN');
insert into distrito (idprovincia,descripcion) values (802,'SANGARARA');
insert into distrito (idprovincia,descripcion) values (803,'ANTA');
insert into distrito (idprovincia,descripcion) values (803,'ANCAHUASI');
insert into distrito (idprovincia,descripcion) values (803,'CACHIMAYO');
insert into distrito (idprovincia,descripcion) values (803,'CHINCHAYPUJIO');
insert into distrito (idprovincia,descripcion) values (803,'HUAROCONDO');
insert into distrito (idprovincia,descripcion) values (803,'LIMATAMBO');
insert into distrito (idprovincia,descripcion) values (803,'MOLLEPATA');
insert into distrito (idprovincia,descripcion) values (803,'PUCYURA');
insert into distrito (idprovincia,descripcion) values (803,'ZURITE');
insert into distrito (idprovincia,descripcion) values (804,'CALCA');
insert into distrito (idprovincia,descripcion) values (804,'COYA');
insert into distrito (idprovincia,descripcion) values (804,'LAMAY');
insert into distrito (idprovincia,descripcion) values (804,'LARES');
insert into distrito (idprovincia,descripcion) values (804,'PISAC');
insert into distrito (idprovincia,descripcion) values (804,'SAN SALVADOR');
insert into distrito (idprovincia,descripcion) values (804,'TARAY');
insert into distrito (idprovincia,descripcion) values (804,'YANATILE');
insert into distrito (idprovincia,descripcion) values (805,'YANAOCA');
insert into distrito (idprovincia,descripcion) values (805,'CHECCA');
insert into distrito (idprovincia,descripcion) values (805,'KUNTURKANKI');
insert into distrito (idprovincia,descripcion) values (805,'LANGUI');
insert into distrito (idprovincia,descripcion) values (805,'LAYO');
insert into distrito (idprovincia,descripcion) values (805,'PAMPAMARCA');
insert into distrito (idprovincia,descripcion) values (805,'QUEHUE');
insert into distrito (idprovincia,descripcion) values (805,'TUPAC AMARU');
insert into distrito (idprovincia,descripcion) values (806,'SICUANI');
insert into distrito (idprovincia,descripcion) values (806,'CHECACUPE');
insert into distrito (idprovincia,descripcion) values (806,'COMBAPATA');
insert into distrito (idprovincia,descripcion) values (806,'MARANGANI');
insert into distrito (idprovincia,descripcion) values (806,'PITUMARCA');
insert into distrito (idprovincia,descripcion) values (806,'SAN PABLO');
insert into distrito (idprovincia,descripcion) values (806,'SAN PEDRO');
insert into distrito (idprovincia,descripcion) values (806,'TINTA');
insert into distrito (idprovincia,descripcion) values (807,'SANTO TOMAS');
insert into distrito (idprovincia,descripcion) values (807,'CAPACMARCA');
insert into distrito (idprovincia,descripcion) values (807,'CHAMACA');
insert into distrito (idprovincia,descripcion) values (807,'COLQUEMARCA');
insert into distrito (idprovincia,descripcion) values (807,'LIVITACA');
insert into distrito (idprovincia,descripcion) values (807,'LLUSCO');
insert into distrito (idprovincia,descripcion) values (807,'QUIÑOTA');
insert into distrito (idprovincia,descripcion) values (807,'VELILLE');
insert into distrito (idprovincia,descripcion) values (808,'ESPINAR');
insert into distrito (idprovincia,descripcion) values (808,'CONDOROMA');
insert into distrito (idprovincia,descripcion) values (808,'COPORAQUE');
insert into distrito (idprovincia,descripcion) values (808,'OCORURO');
insert into distrito (idprovincia,descripcion) values (808,'PALLPATA');
insert into distrito (idprovincia,descripcion) values (808,'PICHIGUA');
insert into distrito (idprovincia,descripcion) values (808,'SUYCKUTAMBO');
insert into distrito (idprovincia,descripcion) values (808,'ALTO PICHIGUA');
insert into distrito (idprovincia,descripcion) values (809,'SANTA ANA');
insert into distrito (idprovincia,descripcion) values (809,'ECHARATE');
insert into distrito (idprovincia,descripcion) values (809,'HUAYOPATA');
insert into distrito (idprovincia,descripcion) values (809,'MARANURA');
insert into distrito (idprovincia,descripcion) values (809,'OCOBAMBA');
insert into distrito (idprovincia,descripcion) values (809,'QUELLOUNO');
insert into distrito (idprovincia,descripcion) values (809,'QUIMBIRI');
insert into distrito (idprovincia,descripcion) values (809,'SANTA TERESA');
insert into distrito (idprovincia,descripcion) values (809,'VILCABAMBA');
insert into distrito (idprovincia,descripcion) values (809,'PICHARI');
insert into distrito (idprovincia,descripcion) values (809,'INKAWASI');
insert into distrito (idprovincia,descripcion) values (809,'VILLA VIRGEN');
insert into distrito (idprovincia,descripcion) values (809,'VILLA KINTIARINA');
insert into distrito (idprovincia,descripcion) values (809,'MEGANTONI');
insert into distrito (idprovincia,descripcion) values (810,'PARURO');
insert into distrito (idprovincia,descripcion) values (810,'ACCHA');
insert into distrito (idprovincia,descripcion) values (810,'CCAPI');
insert into distrito (idprovincia,descripcion) values (810,'COLCHA');
insert into distrito (idprovincia,descripcion) values (810,'HUANOQUITE');
insert into distrito (idprovincia,descripcion) values (810,'OMACHA');
insert into distrito (idprovincia,descripcion) values (810,'PACCARITAMBO');
insert into distrito (idprovincia,descripcion) values (810,'PILLPINTO');
insert into distrito (idprovincia,descripcion) values (810,'YAURISQUE');
insert into distrito (idprovincia,descripcion) values (811,'PAUCARTAMBO');
insert into distrito (idprovincia,descripcion) values (811,'CAICAY');
insert into distrito (idprovincia,descripcion) values (811,'CHALLABAMBA');
insert into distrito (idprovincia,descripcion) values (811,'COLQUEPATA');
insert into distrito (idprovincia,descripcion) values (811,'HUANCARANI');
insert into distrito (idprovincia,descripcion) values (811,'KOSÑIPATA');
insert into distrito (idprovincia,descripcion) values (812,'URCOS');
insert into distrito (idprovincia,descripcion) values (812,'ANDAHUAYLILLAS');
insert into distrito (idprovincia,descripcion) values (812,'CAMANTI');
insert into distrito (idprovincia,descripcion) values (812,'CCARHUAYO');
insert into distrito (idprovincia,descripcion) values (812,'CCATCA');
insert into distrito (idprovincia,descripcion) values (812,'CUSIPATA');
insert into distrito (idprovincia,descripcion) values (812,'HUARO');
insert into distrito (idprovincia,descripcion) values (812,'LUCRE');
insert into distrito (idprovincia,descripcion) values (812,'MARCAPATA');
insert into distrito (idprovincia,descripcion) values (812,'OCONGATE');
insert into distrito (idprovincia,descripcion) values (812,'OROPESA');
insert into distrito (idprovincia,descripcion) values (812,'QUIQUIJANA');
insert into distrito (idprovincia,descripcion) values (813,'URUBAMBA');
insert into distrito (idprovincia,descripcion) values (813,'CHINCHERO');
insert into distrito (idprovincia,descripcion) values (813,'HUAYLLABAMBA');
insert into distrito (idprovincia,descripcion) values (813,'MACHUPICCHU');
insert into distrito (idprovincia,descripcion) values (813,'MARAS');
insert into distrito (idprovincia,descripcion) values (813,'OLLANTAYTAMBO');
insert into distrito (idprovincia,descripcion) values (813,'YUCAY');
insert into distrito (idprovincia,descripcion) values (901,'HUANCAVELICA');
insert into distrito (idprovincia,descripcion) values (901,'ACOBAMBILLA');
insert into distrito (idprovincia,descripcion) values (901,'ACORIA');
insert into distrito (idprovincia,descripcion) values (901,'CONAYCA');
insert into distrito (idprovincia,descripcion) values (901,'CUENCA');
insert into distrito (idprovincia,descripcion) values (901,'HUACHOCOLPA');
insert into distrito (idprovincia,descripcion) values (901,'HUAYLLAHUARA');
insert into distrito (idprovincia,descripcion) values (901,'IZCUCHACA');
insert into distrito (idprovincia,descripcion) values (901,'LARIA');
insert into distrito (idprovincia,descripcion) values (901,'MANTA');
insert into distrito (idprovincia,descripcion) values (901,'MARISCAL CACERES');
insert into distrito (idprovincia,descripcion) values (901,'MOYA');
insert into distrito (idprovincia,descripcion) values (901,'NUEVO OCCORO');
insert into distrito (idprovincia,descripcion) values (901,'PALCA');
insert into distrito (idprovincia,descripcion) values (901,'PILCHACA');
insert into distrito (idprovincia,descripcion) values (901,'VILCA');
insert into distrito (idprovincia,descripcion) values (901,'YAULI');
insert into distrito (idprovincia,descripcion) values (901,'ASCENSION');
insert into distrito (idprovincia,descripcion) values (901,'HUANDO');
insert into distrito (idprovincia,descripcion) values (902,'ACOBAMBA');
insert into distrito (idprovincia,descripcion) values (902,'ANDABAMBA');
insert into distrito (idprovincia,descripcion) values (902,'ANTA');
insert into distrito (idprovincia,descripcion) values (902,'CAJA');
insert into distrito (idprovincia,descripcion) values (902,'MARCAS');
insert into distrito (idprovincia,descripcion) values (902,'PAUCARA');
insert into distrito (idprovincia,descripcion) values (902,'POMACOCHA');
insert into distrito (idprovincia,descripcion) values (902,'ROSARIO');
insert into distrito (idprovincia,descripcion) values (903,'LIRCAY');
insert into distrito (idprovincia,descripcion) values (903,'ANCHONGA');
insert into distrito (idprovincia,descripcion) values (903,'CALLANMARCA');
insert into distrito (idprovincia,descripcion) values (903,'CCOCHACCASA');
insert into distrito (idprovincia,descripcion) values (903,'CHINCHO');
insert into distrito (idprovincia,descripcion) values (903,'CONGALLA');
insert into distrito (idprovincia,descripcion) values (903,'HUANCA-HUANCA');
insert into distrito (idprovincia,descripcion) values (903,'HUAYLLAY GRANDE');
insert into distrito (idprovincia,descripcion) values (903,'JULCAMARCA');
insert into distrito (idprovincia,descripcion) values (903,'SAN ANTONIO DE ANTAPARCO');
insert into distrito (idprovincia,descripcion) values (903,'SANTO TOMAS DE PATA');
insert into distrito (idprovincia,descripcion) values (903,'SECCLLA');
insert into distrito (idprovincia,descripcion) values (904,'CASTROVIRREYNA');
insert into distrito (idprovincia,descripcion) values (904,'ARMA');
insert into distrito (idprovincia,descripcion) values (904,'AURAHUA');
insert into distrito (idprovincia,descripcion) values (904,'CAPILLAS');
insert into distrito (idprovincia,descripcion) values (904,'CHUPAMARCA');
insert into distrito (idprovincia,descripcion) values (904,'COCAS');
insert into distrito (idprovincia,descripcion) values (904,'HUACHOS');
insert into distrito (idprovincia,descripcion) values (904,'HUAMATAMBO');
insert into distrito (idprovincia,descripcion) values (904,'MOLLEPAMPA');
insert into distrito (idprovincia,descripcion) values (904,'SAN JUAN');
insert into distrito (idprovincia,descripcion) values (904,'SANTA ANA');
insert into distrito (idprovincia,descripcion) values (904,'TANTARA');
insert into distrito (idprovincia,descripcion) values (904,'TICRAPO');
insert into distrito (idprovincia,descripcion) values (905,'CHURCAMPA');
insert into distrito (idprovincia,descripcion) values (905,'ANCO');
insert into distrito (idprovincia,descripcion) values (905,'CHINCHIHUASI');
insert into distrito (idprovincia,descripcion) values (905,'EL CARMEN');
insert into distrito (idprovincia,descripcion) values (905,'LA MERCED');
insert into distrito (idprovincia,descripcion) values (905,'LOCROJA');
insert into distrito (idprovincia,descripcion) values (905,'PAUCARBAMBA');
insert into distrito (idprovincia,descripcion) values (905,'SAN MIGUEL DE MAYOCC');
insert into distrito (idprovincia,descripcion) values (905,'SAN PEDRO DE CORIS');
insert into distrito (idprovincia,descripcion) values (905,'PACHAMARCA');
insert into distrito (idprovincia,descripcion) values (905,'COSME');
insert into distrito (idprovincia,descripcion) values (906,'HUAYTARA');
insert into distrito (idprovincia,descripcion) values (906,'AYAVI');
insert into distrito (idprovincia,descripcion) values (906,'CORDOVA');
insert into distrito (idprovincia,descripcion) values (906,'HUAYACUNDO ARMA');
insert into distrito (idprovincia,descripcion) values (906,'LARAMARCA');
insert into distrito (idprovincia,descripcion) values (906,'OCOYO');
insert into distrito (idprovincia,descripcion) values (906,'PILPICHACA');
insert into distrito (idprovincia,descripcion) values (906,'QUERCO');
insert into distrito (idprovincia,descripcion) values (906,'QUITO-ARMA');
insert into distrito (idprovincia,descripcion) values (906,'SAN ANTONIO DE CUSICANCHA');
insert into distrito (idprovincia,descripcion) values (906,'SAN FRANCISCO DE SANGAYAICO');
insert into distrito (idprovincia,descripcion) values (906,'SAN ISIDRO');
insert into distrito (idprovincia,descripcion) values (906,'SANTIAGO DE CHOCORVOS');
insert into distrito (idprovincia,descripcion) values (906,'SANTIAGO DE QUIRAHUARA');
insert into distrito (idprovincia,descripcion) values (906,'SANTO DOMINGO DE CAPILLAS');
insert into distrito (idprovincia,descripcion) values (906,'TAMBO');
insert into distrito (idprovincia,descripcion) values (907,'PAMPAS');
insert into distrito (idprovincia,descripcion) values (907,'ACOSTAMBO');
insert into distrito (idprovincia,descripcion) values (907,'ACRAQUIA');
insert into distrito (idprovincia,descripcion) values (907,'AHUAYCHA');
insert into distrito (idprovincia,descripcion) values (907,'COLCABAMBA');
insert into distrito (idprovincia,descripcion) values (907,'DANIEL HERNANDEZ');
insert into distrito (idprovincia,descripcion) values (907,'HUACHOCOLPA');
insert into distrito (idprovincia,descripcion) values (907,'HUARIBAMBA');
insert into distrito (idprovincia,descripcion) values (907,'ÑAHUIMPUQUIO');
insert into distrito (idprovincia,descripcion) values (907,'PAZOS');
insert into distrito (idprovincia,descripcion) values (907,'QUISHUAR');
insert into distrito (idprovincia,descripcion) values (907,'SALCABAMBA');
insert into distrito (idprovincia,descripcion) values (907,'SALCAHUASI');
insert into distrito (idprovincia,descripcion) values (907,'SAN MARCOS DE ROCCHAC');
insert into distrito (idprovincia,descripcion) values (907,'SURCUBAMBA');
insert into distrito (idprovincia,descripcion) values (907,'TINTAY PUNCU');
insert into distrito (idprovincia,descripcion) values (907,'QUICHUAS');
insert into distrito (idprovincia,descripcion) values (907,'ANDAYMARCA');
insert into distrito (idprovincia,descripcion) values (907,'ROBLE');
insert into distrito (idprovincia,descripcion) values (907,'PICHOS');
insert into distrito (idprovincia,descripcion) values (907,'SANTIAGO DE TUCUMA');
insert into distrito (idprovincia,descripcion) values (1001,'HUANUCO');
insert into distrito (idprovincia,descripcion) values (1001,'AMARILIS');
insert into distrito (idprovincia,descripcion) values (1001,'CHINCHAO');
insert into distrito (idprovincia,descripcion) values (1001,'CHURUBAMBA');
insert into distrito (idprovincia,descripcion) values (1001,'MARGOS');
insert into distrito (idprovincia,descripcion) values (1001,'QUISQUI');
insert into distrito (idprovincia,descripcion) values (1001,'SAN FRANCISCO DE CAYRAN');
insert into distrito (idprovincia,descripcion) values (1001,'SAN PEDRO DE CHAULAN');
insert into distrito (idprovincia,descripcion) values (1001,'SANTA MARIA DEL VALLE');
insert into distrito (idprovincia,descripcion) values (1001,'YARUMAYO');
insert into distrito (idprovincia,descripcion) values (1001,'PILLCO MARCA');
insert into distrito (idprovincia,descripcion) values (1001,'YACUS');
insert into distrito (idprovincia,descripcion) values (1001,'SAN PABLO DE PILLAO');
insert into distrito (idprovincia,descripcion) values (1002,'AMBO');
insert into distrito (idprovincia,descripcion) values (1002,'CAYNA');
insert into distrito (idprovincia,descripcion) values (1002,'COLPAS');
insert into distrito (idprovincia,descripcion) values (1002,'CONCHAMARCA');
insert into distrito (idprovincia,descripcion) values (1002,'HUACAR');
insert into distrito (idprovincia,descripcion) values (1002,'SAN FRANCISCO');
insert into distrito (idprovincia,descripcion) values (1002,'SAN RAFAEL');
insert into distrito (idprovincia,descripcion) values (1002,'TOMAY KICHWA');
insert into distrito (idprovincia,descripcion) values (1003,'LA UNION');
insert into distrito (idprovincia,descripcion) values (1003,'CHUQUIS');
insert into distrito (idprovincia,descripcion) values (1003,'MARIAS');
insert into distrito (idprovincia,descripcion) values (1003,'PACHAS');
insert into distrito (idprovincia,descripcion) values (1003,'QUIVILLA');
insert into distrito (idprovincia,descripcion) values (1003,'RIPAN');
insert into distrito (idprovincia,descripcion) values (1003,'SHUNQUI');
insert into distrito (idprovincia,descripcion) values (1003,'SILLAPATA');
insert into distrito (idprovincia,descripcion) values (1003,'YANAS');
insert into distrito (idprovincia,descripcion) values (1004,'HUACAYBAMBA');
insert into distrito (idprovincia,descripcion) values (1004,'CANCHABAMBA');
insert into distrito (idprovincia,descripcion) values (1004,'COCHABAMBA');
insert into distrito (idprovincia,descripcion) values (1004,'PINRA');
insert into distrito (idprovincia,descripcion) values (1005,'LLATA');
insert into distrito (idprovincia,descripcion) values (1005,'ARANCAY');
insert into distrito (idprovincia,descripcion) values (1005,'CHAVIN DE PARIARCA');
insert into distrito (idprovincia,descripcion) values (1005,'JACAS GRANDE');
insert into distrito (idprovincia,descripcion) values (1005,'JIRCAN');
insert into distrito (idprovincia,descripcion) values (1005,'MIRAFLORES');
insert into distrito (idprovincia,descripcion) values (1005,'MONZON');
insert into distrito (idprovincia,descripcion) values (1005,'PUNCHAO');
insert into distrito (idprovincia,descripcion) values (1005,'PUÑOS');
insert into distrito (idprovincia,descripcion) values (1005,'SINGA');
insert into distrito (idprovincia,descripcion) values (1005,'TANTAMAYO');
insert into distrito (idprovincia,descripcion) values (1006,'RUPA-RUPA');
insert into distrito (idprovincia,descripcion) values (1006,'DANIEL ALOMIAS ROBLES');
insert into distrito (idprovincia,descripcion) values (1006,'HERMILIO VALDIZAN');
insert into distrito (idprovincia,descripcion) values (1006,'JOSE CRESPO Y CASTILLO');
insert into distrito (idprovincia,descripcion) values (1006,'LUYANDO');
insert into distrito (idprovincia,descripcion) values (1006,'MARIANO DAMASO BERAUN');
insert into distrito (idprovincia,descripcion) values (1006,'PUCAYACU');
insert into distrito (idprovincia,descripcion) values (1006,'CASTILLO GRANDE');
insert into distrito (idprovincia,descripcion) values (1006,'PUEBLO NUEVO');
insert into distrito (idprovincia,descripcion) values (1006,'SANTO DOMINGO DE ANDA');
insert into distrito (idprovincia,descripcion) values (1007,'HUACRACHUCO');
insert into distrito (idprovincia,descripcion) values (1007,'CHOLON');
insert into distrito (idprovincia,descripcion) values (1007,'SAN BUENAVENTURA');
insert into distrito (idprovincia,descripcion) values (1007,'LA MORADA');
insert into distrito (idprovincia,descripcion) values (1007,'SANTA ROSA DE ALTO YANAJANCA');
insert into distrito (idprovincia,descripcion) values (1008,'PANAO');
insert into distrito (idprovincia,descripcion) values (1008,'CHAGLLA');
insert into distrito (idprovincia,descripcion) values (1008,'MOLINO');
insert into distrito (idprovincia,descripcion) values (1008,'UMARI');
insert into distrito (idprovincia,descripcion) values (1009,'PUERTO INCA');
insert into distrito (idprovincia,descripcion) values (1009,'CODO DEL POZUZO');
insert into distrito (idprovincia,descripcion) values (1009,'HONORIA');
insert into distrito (idprovincia,descripcion) values (1009,'TOURNAVISTA');
insert into distrito (idprovincia,descripcion) values (1009,'YUYAPICHIS');
insert into distrito (idprovincia,descripcion) values (1010,'JESUS');
insert into distrito (idprovincia,descripcion) values (1010,'BAÑOS');
insert into distrito (idprovincia,descripcion) values (1010,'JIVIA');
insert into distrito (idprovincia,descripcion) values (1010,'QUEROPALCA');
insert into distrito (idprovincia,descripcion) values (1010,'RONDOS');
insert into distrito (idprovincia,descripcion) values (1010,'SAN FRANCISCO DE ASIS');
insert into distrito (idprovincia,descripcion) values (1010,'SAN MIGUEL DE CAURI');
insert into distrito (idprovincia,descripcion) values (1011,'CHAVINILLO');
insert into distrito (idprovincia,descripcion) values (1011,'CAHUAC');
insert into distrito (idprovincia,descripcion) values (1011,'CHACABAMBA');
insert into distrito (idprovincia,descripcion) values (1011,'APARICIO POMARES');
insert into distrito (idprovincia,descripcion) values (1011,'JACAS CHICO');
insert into distrito (idprovincia,descripcion) values (1011,'OBAS');
insert into distrito (idprovincia,descripcion) values (1011,'PAMPAMARCA');
insert into distrito (idprovincia,descripcion) values (1011,'CHORAS');
insert into distrito (idprovincia,descripcion) values (1101,'ICA');
insert into distrito (idprovincia,descripcion) values (1101,'LA TINGUIÑA');
insert into distrito (idprovincia,descripcion) values (1101,'LOS AQUIJES');
insert into distrito (idprovincia,descripcion) values (1101,'OCUCAJE');
insert into distrito (idprovincia,descripcion) values (1101,'PACHACUTEC');
insert into distrito (idprovincia,descripcion) values (1101,'PARCONA');
insert into distrito (idprovincia,descripcion) values (1101,'PUEBLO NUEVO');
insert into distrito (idprovincia,descripcion) values (1101,'SALAS');
insert into distrito (idprovincia,descripcion) values (1101,'SAN JOSE DE LOS MOLINOS');
insert into distrito (idprovincia,descripcion) values (1101,'SAN JUAN BAUTISTA');
insert into distrito (idprovincia,descripcion) values (1101,'SANTIAGO');
insert into distrito (idprovincia,descripcion) values (1101,'SUBTANJALLA');
insert into distrito (idprovincia,descripcion) values (1101,'TATE');
insert into distrito (idprovincia,descripcion) values (1101,'YAUCA DEL ROSARIO');
insert into distrito (idprovincia,descripcion) values (1102,'CHINCHA ALTA');
insert into distrito (idprovincia,descripcion) values (1102,'ALTO LARAN');
insert into distrito (idprovincia,descripcion) values (1102,'CHAVIN');
insert into distrito (idprovincia,descripcion) values (1102,'CHINCHA BAJA');
insert into distrito (idprovincia,descripcion) values (1102,'EL CARMEN');
insert into distrito (idprovincia,descripcion) values (1102,'GROCIO PRADO');
insert into distrito (idprovincia,descripcion) values (1102,'PUEBLO NUEVO');
insert into distrito (idprovincia,descripcion) values (1102,'SAN JUAN DE YANAC');
insert into distrito (idprovincia,descripcion) values (1102,'SAN PEDRO DE HUACARPANA');
insert into distrito (idprovincia,descripcion) values (1102,'SUNAMPE');
insert into distrito (idprovincia,descripcion) values (1102,'TAMBO DE MORA');
insert into distrito (idprovincia,descripcion) values (1103,'NAZCA');
insert into distrito (idprovincia,descripcion) values (1103,'CHANGUILLO');
insert into distrito (idprovincia,descripcion) values (1103,'EL INGENIO');
insert into distrito (idprovincia,descripcion) values (1103,'MARCONA');
insert into distrito (idprovincia,descripcion) values (1103,'VISTA ALEGRE');
insert into distrito (idprovincia,descripcion) values (1104,'PALPA');
insert into distrito (idprovincia,descripcion) values (1104,'LLIPATA');
insert into distrito (idprovincia,descripcion) values (1104,'RIO GRANDE');
insert into distrito (idprovincia,descripcion) values (1104,'SANTA CRUZ');
insert into distrito (idprovincia,descripcion) values (1104,'TIBILLO');
insert into distrito (idprovincia,descripcion) values (1105,'PISCO');
insert into distrito (idprovincia,descripcion) values (1105,'HUANCANO');
insert into distrito (idprovincia,descripcion) values (1105,'HUMAY');
insert into distrito (idprovincia,descripcion) values (1105,'INDEPENDENCIA');
insert into distrito (idprovincia,descripcion) values (1105,'PARACAS');
insert into distrito (idprovincia,descripcion) values (1105,'SAN ANDRES');
insert into distrito (idprovincia,descripcion) values (1105,'SAN CLEMENTE');
insert into distrito (idprovincia,descripcion) values (1105,'TUPAC AMARU INCA');
insert into distrito (idprovincia,descripcion) values (1201,'HUANCAYO');
insert into distrito (idprovincia,descripcion) values (1201,'CARHUACALLANGA');
insert into distrito (idprovincia,descripcion) values (1201,'CHACAPAMPA');
insert into distrito (idprovincia,descripcion) values (1201,'CHICCHE');
insert into distrito (idprovincia,descripcion) values (1201,'CHILCA');
insert into distrito (idprovincia,descripcion) values (1201,'CHONGOS ALTO');
insert into distrito (idprovincia,descripcion) values (1201,'CHUPURO');
insert into distrito (idprovincia,descripcion) values (1201,'COLCA');
insert into distrito (idprovincia,descripcion) values (1201,'CULLHUAS');
insert into distrito (idprovincia,descripcion) values (1201,'EL TAMBO');
insert into distrito (idprovincia,descripcion) values (1201,'HUACRAPUQUIO');
insert into distrito (idprovincia,descripcion) values (1201,'HUALHUAS');
insert into distrito (idprovincia,descripcion) values (1201,'HUANCAN');
insert into distrito (idprovincia,descripcion) values (1201,'HUASICANCHA');
insert into distrito (idprovincia,descripcion) values (1201,'HUAYUCACHI');
insert into distrito (idprovincia,descripcion) values (1201,'INGENIO');
insert into distrito (idprovincia,descripcion) values (1201,'PARIAHUANCA');
insert into distrito (idprovincia,descripcion) values (1201,'PILCOMAYO');
insert into distrito (idprovincia,descripcion) values (1201,'PUCARA');
insert into distrito (idprovincia,descripcion) values (1201,'QUICHUAY');
insert into distrito (idprovincia,descripcion) values (1201,'QUILCAS');
insert into distrito (idprovincia,descripcion) values (1201,'SAN AGUSTIN');
insert into distrito (idprovincia,descripcion) values (1201,'SAN JERONIMO DE TUNAN');
insert into distrito (idprovincia,descripcion) values (1201,'SAÑO');
insert into distrito (idprovincia,descripcion) values (1201,'SAPALLANGA');
insert into distrito (idprovincia,descripcion) values (1201,'SICAYA');
insert into distrito (idprovincia,descripcion) values (1201,'SANTO DOMINGO DE ACOBAMBA');
insert into distrito (idprovincia,descripcion) values (1201,'VIQUES');
insert into distrito (idprovincia,descripcion) values (1202,'CONCEPCION');
insert into distrito (idprovincia,descripcion) values (1202,'ACO');
insert into distrito (idprovincia,descripcion) values (1202,'ANDAMARCA');
insert into distrito (idprovincia,descripcion) values (1202,'CHAMBARA');
insert into distrito (idprovincia,descripcion) values (1202,'COCHAS');
insert into distrito (idprovincia,descripcion) values (1202,'COMAS');
insert into distrito (idprovincia,descripcion) values (1202,'HEROINAS TOLEDO');
insert into distrito (idprovincia,descripcion) values (1202,'MANZANARES');
insert into distrito (idprovincia,descripcion) values (1202,'MARISCAL CASTILLA');
insert into distrito (idprovincia,descripcion) values (1202,'MATAHUASI');
insert into distrito (idprovincia,descripcion) values (1202,'MITO');
insert into distrito (idprovincia,descripcion) values (1202,'NUEVE DE JULIO');
insert into distrito (idprovincia,descripcion) values (1202,'ORCOTUNA');
insert into distrito (idprovincia,descripcion) values (1202,'SAN JOSE DE QUERO');
insert into distrito (idprovincia,descripcion) values (1202,'SANTA ROSA DE OCOPA');
insert into distrito (idprovincia,descripcion) values (1203,'CHANCHAMAYO');
insert into distrito (idprovincia,descripcion) values (1203,'PERENE');
insert into distrito (idprovincia,descripcion) values (1203,'PICHANAQUI');
insert into distrito (idprovincia,descripcion) values (1203,'SAN LUIS DE SHUARO');
insert into distrito (idprovincia,descripcion) values (1203,'SAN RAMON');
insert into distrito (idprovincia,descripcion) values (1203,'VITOC');
insert into distrito (idprovincia,descripcion) values (1204,'JAUJA');
insert into distrito (idprovincia,descripcion) values (1204,'ACOLLA');
insert into distrito (idprovincia,descripcion) values (1204,'APATA');
insert into distrito (idprovincia,descripcion) values (1204,'ATAURA');
insert into distrito (idprovincia,descripcion) values (1204,'CANCHAYLLO');
insert into distrito (idprovincia,descripcion) values (1204,'CURICACA');
insert into distrito (idprovincia,descripcion) values (1204,'EL MANTARO');
insert into distrito (idprovincia,descripcion) values (1204,'HUAMALI');
insert into distrito (idprovincia,descripcion) values (1204,'HUARIPAMPA');
insert into distrito (idprovincia,descripcion) values (1204,'HUERTAS');
insert into distrito (idprovincia,descripcion) values (1204,'JANJAILLO');
insert into distrito (idprovincia,descripcion) values (1204,'JULCAN');
insert into distrito (idprovincia,descripcion) values (1204,'LEONOR ORDOÑEZ');
insert into distrito (idprovincia,descripcion) values (1204,'LLOCLLAPAMPA');
insert into distrito (idprovincia,descripcion) values (1204,'MARCO');
insert into distrito (idprovincia,descripcion) values (1204,'MASMA');
insert into distrito (idprovincia,descripcion) values (1204,'MASMA CHICCHE');
insert into distrito (idprovincia,descripcion) values (1204,'MOLINOS');
insert into distrito (idprovincia,descripcion) values (1204,'MONOBAMBA');
insert into distrito (idprovincia,descripcion) values (1204,'MUQUI');
insert into distrito (idprovincia,descripcion) values (1204,'MUQUIYAUYO');
insert into distrito (idprovincia,descripcion) values (1204,'PACA');
insert into distrito (idprovincia,descripcion) values (1204,'PACCHA');
insert into distrito (idprovincia,descripcion) values (1204,'PANCAN');
insert into distrito (idprovincia,descripcion) values (1204,'PARCO');
insert into distrito (idprovincia,descripcion) values (1204,'POMACANCHA');
insert into distrito (idprovincia,descripcion) values (1204,'RICRAN');
insert into distrito (idprovincia,descripcion) values (1204,'SAN LORENZO');
insert into distrito (idprovincia,descripcion) values (1204,'SAN PEDRO DE CHUNAN');
insert into distrito (idprovincia,descripcion) values (1204,'SAUSA');
insert into distrito (idprovincia,descripcion) values (1204,'SINCOS');
insert into distrito (idprovincia,descripcion) values (1204,'TUNAN MARCA');
insert into distrito (idprovincia,descripcion) values (1204,'YAULI');
insert into distrito (idprovincia,descripcion) values (1204,'YAUYOS');
insert into distrito (idprovincia,descripcion) values (1205,'JUNIN');
insert into distrito (idprovincia,descripcion) values (1205,'CARHUAMAYO');
insert into distrito (idprovincia,descripcion) values (1205,'ONDORES');
insert into distrito (idprovincia,descripcion) values (1205,'ULCUMAYO');
insert into distrito (idprovincia,descripcion) values (1206,'SATIPO');
insert into distrito (idprovincia,descripcion) values (1206,'COVIRIALI');
insert into distrito (idprovincia,descripcion) values (1206,'LLAYLLA');
insert into distrito (idprovincia,descripcion) values (1206,'MAZAMARI');
insert into distrito (idprovincia,descripcion) values (1206,'PAMPA HERMOSA');
insert into distrito (idprovincia,descripcion) values (1206,'PANGOA');
insert into distrito (idprovincia,descripcion) values (1206,'RIO NEGRO');
insert into distrito (idprovincia,descripcion) values (1206,'RIO TAMBO');
insert into distrito (idprovincia,descripcion) values (1206,'VIZCATAN DEL ENE');
insert into distrito (idprovincia,descripcion) values (1207,'TARMA');
insert into distrito (idprovincia,descripcion) values (1207,'ACOBAMBA');
insert into distrito (idprovincia,descripcion) values (1207,'HUARICOLCA');
insert into distrito (idprovincia,descripcion) values (1207,'HUASAHUASI');
insert into distrito (idprovincia,descripcion) values (1207,'LA UNION');
insert into distrito (idprovincia,descripcion) values (1207,'PALCA');
insert into distrito (idprovincia,descripcion) values (1207,'PALCAMAYO');
insert into distrito (idprovincia,descripcion) values (1207,'SAN PEDRO DE CAJAS');
insert into distrito (idprovincia,descripcion) values (1207,'TAPO');
insert into distrito (idprovincia,descripcion) values (1208,'LA OROYA');
insert into distrito (idprovincia,descripcion) values (1208,'CHACAPALPA');
insert into distrito (idprovincia,descripcion) values (1208,'HUAY-HUAY');
insert into distrito (idprovincia,descripcion) values (1208,'MARCAPOMACOCHA');
insert into distrito (idprovincia,descripcion) values (1208,'MOROCOCHA');
insert into distrito (idprovincia,descripcion) values (1208,'PACCHA');
insert into distrito (idprovincia,descripcion) values (1208,'SANTA BARBARA DE CARHUACAYAN');
insert into distrito (idprovincia,descripcion) values (1208,'SANTA ROSA DE SACCO');
insert into distrito (idprovincia,descripcion) values (1208,'SUITUCANCHA');
insert into distrito (idprovincia,descripcion) values (1208,'YAULI');
insert into distrito (idprovincia,descripcion) values (1209,'CHUPACA');
insert into distrito (idprovincia,descripcion) values (1209,'AHUAC');
insert into distrito (idprovincia,descripcion) values (1209,'CHONGOS BAJO');
insert into distrito (idprovincia,descripcion) values (1209,'HUACHAC');
insert into distrito (idprovincia,descripcion) values (1209,'HUAMANCACA CHICO');
insert into distrito (idprovincia,descripcion) values (1209,'SAN JUAN DE YSCOS');
insert into distrito (idprovincia,descripcion) values (1209,'SAN JUAN DE JARPA');
insert into distrito (idprovincia,descripcion) values (1209,'TRES DE DICIEMBRE');
insert into distrito (idprovincia,descripcion) values (1209,'YANACANCHA');
insert into distrito (idprovincia,descripcion) values (1301,'TRUJILLO');
insert into distrito (idprovincia,descripcion) values (1301,'EL PORVENIR');
insert into distrito (idprovincia,descripcion) values (1301,'FLORENCIA DE MORA');
insert into distrito (idprovincia,descripcion) values (1301,'HUANCHACO');
insert into distrito (idprovincia,descripcion) values (1301,'LA ESPERANZA');
insert into distrito (idprovincia,descripcion) values (1301,'LAREDO');
insert into distrito (idprovincia,descripcion) values (1301,'MOCHE');
insert into distrito (idprovincia,descripcion) values (1301,'POROTO');
insert into distrito (idprovincia,descripcion) values (1301,'SALAVERRY');
insert into distrito (idprovincia,descripcion) values (1301,'SIMBAL');
insert into distrito (idprovincia,descripcion) values (1301,'VICTOR LARCO HERRERA');
insert into distrito (idprovincia,descripcion) values (1302,'ASCOPE');
insert into distrito (idprovincia,descripcion) values (1302,'CHICAMA');
insert into distrito (idprovincia,descripcion) values (1302,'CHOCOPE');
insert into distrito (idprovincia,descripcion) values (1302,'MAGDALENA DE CAO');
insert into distrito (idprovincia,descripcion) values (1302,'PAIJAN');
insert into distrito (idprovincia,descripcion) values (1302,'RAZURI');
insert into distrito (idprovincia,descripcion) values (1302,'SANTIAGO DE CAO');
insert into distrito (idprovincia,descripcion) values (1302,'CASA GRANDE');
insert into distrito (idprovincia,descripcion) values (1303,'BOLIVAR');
insert into distrito (idprovincia,descripcion) values (1303,'BAMBAMARCA');
insert into distrito (idprovincia,descripcion) values (1303,'CONDORMARCA');
insert into distrito (idprovincia,descripcion) values (1303,'LONGOTEA');
insert into distrito (idprovincia,descripcion) values (1303,'UCHUMARCA');
insert into distrito (idprovincia,descripcion) values (1303,'UCUNCHA');
insert into distrito (idprovincia,descripcion) values (1304,'CHEPEN');
insert into distrito (idprovincia,descripcion) values (1304,'PACANGA');
insert into distrito (idprovincia,descripcion) values (1304,'PUEBLO NUEVO');
insert into distrito (idprovincia,descripcion) values (1305,'JULCAN');
insert into distrito (idprovincia,descripcion) values (1305,'CALAMARCA');
insert into distrito (idprovincia,descripcion) values (1305,'CARABAMBA');
insert into distrito (idprovincia,descripcion) values (1305,'HUASO');
insert into distrito (idprovincia,descripcion) values (1306,'OTUZCO');
insert into distrito (idprovincia,descripcion) values (1306,'AGALLPAMPA');
insert into distrito (idprovincia,descripcion) values (1306,'CHARAT');
insert into distrito (idprovincia,descripcion) values (1306,'HUARANCHAL');
insert into distrito (idprovincia,descripcion) values (1306,'LA CUESTA');
insert into distrito (idprovincia,descripcion) values (1306,'MACHE');
insert into distrito (idprovincia,descripcion) values (1306,'PARANDAY');
insert into distrito (idprovincia,descripcion) values (1306,'SALPO');
insert into distrito (idprovincia,descripcion) values (1306,'SINSICAP');
insert into distrito (idprovincia,descripcion) values (1306,'USQUIL');
insert into distrito (idprovincia,descripcion) values (1307,'SAN PEDRO DE LLOC');
insert into distrito (idprovincia,descripcion) values (1307,'GUADALUPE');
insert into distrito (idprovincia,descripcion) values (1307,'JEQUETEPEQUE');
insert into distrito (idprovincia,descripcion) values (1307,'PACASMAYO');
insert into distrito (idprovincia,descripcion) values (1307,'SAN JOSE');
insert into distrito (idprovincia,descripcion) values (1308,'TAYABAMBA');
insert into distrito (idprovincia,descripcion) values (1308,'BULDIBUYO');
insert into distrito (idprovincia,descripcion) values (1308,'CHILLIA');
insert into distrito (idprovincia,descripcion) values (1308,'HUANCASPATA');
insert into distrito (idprovincia,descripcion) values (1308,'HUAYLILLAS');
insert into distrito (idprovincia,descripcion) values (1308,'HUAYO');
insert into distrito (idprovincia,descripcion) values (1308,'ONGON');
insert into distrito (idprovincia,descripcion) values (1308,'PARCOY');
insert into distrito (idprovincia,descripcion) values (1308,'PATAZ');
insert into distrito (idprovincia,descripcion) values (1308,'PIAS');
insert into distrito (idprovincia,descripcion) values (1308,'SANTIAGO DE CHALLAS');
insert into distrito (idprovincia,descripcion) values (1308,'TAURIJA');
insert into distrito (idprovincia,descripcion) values (1308,'URPAY');
insert into distrito (idprovincia,descripcion) values (1309,'HUAMACHUCO');
insert into distrito (idprovincia,descripcion) values (1309,'CHUGAY');
insert into distrito (idprovincia,descripcion) values (1309,'COCHORCO');
insert into distrito (idprovincia,descripcion) values (1309,'CURGOS');
insert into distrito (idprovincia,descripcion) values (1309,'MARCABAL');
insert into distrito (idprovincia,descripcion) values (1309,'SANAGORAN');
insert into distrito (idprovincia,descripcion) values (1309,'SARIN');
insert into distrito (idprovincia,descripcion) values (1309,'SARTIMBAMBA');
insert into distrito (idprovincia,descripcion) values (1310,'SANTIAGO DE CHUCO');
insert into distrito (idprovincia,descripcion) values (1310,'ANGASMARCA');
insert into distrito (idprovincia,descripcion) values (1310,'CACHICADAN');
insert into distrito (idprovincia,descripcion) values (1310,'MOLLEBAMBA');
insert into distrito (idprovincia,descripcion) values (1310,'MOLLEPATA');
insert into distrito (idprovincia,descripcion) values (1310,'QUIRUVILCA');
insert into distrito (idprovincia,descripcion) values (1310,'SANTA CRUZ DE CHUCA');
insert into distrito (idprovincia,descripcion) values (1310,'SITABAMBA');
insert into distrito (idprovincia,descripcion) values (1311,'CASCAS');
insert into distrito (idprovincia,descripcion) values (1311,'LUCMA');
insert into distrito (idprovincia,descripcion) values (1311,'MARMOT');
insert into distrito (idprovincia,descripcion) values (1311,'SAYAPULLO');
insert into distrito (idprovincia,descripcion) values (1312,'VIRU');
insert into distrito (idprovincia,descripcion) values (1312,'CHAO');
insert into distrito (idprovincia,descripcion) values (1312,'GUADALUPITO');
insert into distrito (idprovincia,descripcion) values (1401,'CHICLAYO');
insert into distrito (idprovincia,descripcion) values (1401,'CHONGOYAPE');
insert into distrito (idprovincia,descripcion) values (1401,'ETEN');
insert into distrito (idprovincia,descripcion) values (1401,'ETEN PUERTO');
insert into distrito (idprovincia,descripcion) values (1401,'JOSE LEONARDO ORTIZ');
insert into distrito (idprovincia,descripcion) values (1401,'LA VICTORIA');
insert into distrito (idprovincia,descripcion) values (1401,'LAGUNAS');
insert into distrito (idprovincia,descripcion) values (1401,'MONSEFU');
insert into distrito (idprovincia,descripcion) values (1401,'NUEVA ARICA');
insert into distrito (idprovincia,descripcion) values (1401,'OYOTUN');
insert into distrito (idprovincia,descripcion) values (1401,'PICSI');
insert into distrito (idprovincia,descripcion) values (1401,'PIMENTEL');
insert into distrito (idprovincia,descripcion) values (1401,'REQUE');
insert into distrito (idprovincia,descripcion) values (1401,'SANTA ROSA');
insert into distrito (idprovincia,descripcion) values (1401,'SAÑA');
insert into distrito (idprovincia,descripcion) values (1401,'CAYALTI');
insert into distrito (idprovincia,descripcion) values (1401,'PATAPO');
insert into distrito (idprovincia,descripcion) values (1401,'POMALCA');
insert into distrito (idprovincia,descripcion) values (1401,'PUCALA');
insert into distrito (idprovincia,descripcion) values (1401,'TUMAN');
insert into distrito (idprovincia,descripcion) values (1402,'FERREÑAFE');
insert into distrito (idprovincia,descripcion) values (1402,'CAÑARIS');
insert into distrito (idprovincia,descripcion) values (1402,'INCAHUASI');
insert into distrito (idprovincia,descripcion) values (1402,'MANUEL ANTONIO MESONES MURO');
insert into distrito (idprovincia,descripcion) values (1402,'PITIPO');
insert into distrito (idprovincia,descripcion) values (1402,'PUEBLO NUEVO');
insert into distrito (idprovincia,descripcion) values (1403,'LAMBAYEQUE');
insert into distrito (idprovincia,descripcion) values (1403,'CHOCHOPE');
insert into distrito (idprovincia,descripcion) values (1403,'ILLIMO');
insert into distrito (idprovincia,descripcion) values (1403,'JAYANCA');
insert into distrito (idprovincia,descripcion) values (1403,'MOCHUMI');
insert into distrito (idprovincia,descripcion) values (1403,'MORROPE');
insert into distrito (idprovincia,descripcion) values (1403,'MOTUPE');
insert into distrito (idprovincia,descripcion) values (1403,'OLMOS');
insert into distrito (idprovincia,descripcion) values (1403,'PACORA');
insert into distrito (idprovincia,descripcion) values (1403,'SALAS');
insert into distrito (idprovincia,descripcion) values (1403,'SAN JOSE');
insert into distrito (idprovincia,descripcion) values (1403,'TUCUME');
insert into distrito (idprovincia,descripcion) values (1501,'LIMA');
insert into distrito (idprovincia,descripcion) values (1501,'ANCON');
insert into distrito (idprovincia,descripcion) values (1501,'ATE');
insert into distrito (idprovincia,descripcion) values (1501,'BARRANCO');
insert into distrito (idprovincia,descripcion) values (1501,'BREÑA');
insert into distrito (idprovincia,descripcion) values (1501,'CARABAYLLO');
insert into distrito (idprovincia,descripcion) values (1501,'CHACLACAYO');
insert into distrito (idprovincia,descripcion) values (1501,'CHORRILLOS');
insert into distrito (idprovincia,descripcion) values (1501,'CIENEGUILLA');
insert into distrito (idprovincia,descripcion) values (1501,'COMAS');
insert into distrito (idprovincia,descripcion) values (1501,'EL AGUSTINO');
insert into distrito (idprovincia,descripcion) values (1501,'INDEPENDENCIA');
insert into distrito (idprovincia,descripcion) values (1501,'JESUS MARIA');
insert into distrito (idprovincia,descripcion) values (1501,'LA MOLINA');
insert into distrito (idprovincia,descripcion) values (1501,'LA VICTORIA');
insert into distrito (idprovincia,descripcion) values (1501,'LINCE');
insert into distrito (idprovincia,descripcion) values (1501,'LOS OLIVOS');
insert into distrito (idprovincia,descripcion) values (1501,'LURIGANCHO');
insert into distrito (idprovincia,descripcion) values (1501,'LURIN');
insert into distrito (idprovincia,descripcion) values (1501,'MAGDALENA DEL MAR');
insert into distrito (idprovincia,descripcion) values (1501,'PUEBLO LIBRE');
insert into distrito (idprovincia,descripcion) values (1501,'MIRAFLORES');
insert into distrito (idprovincia,descripcion) values (1501,'PACHACAMAC');
insert into distrito (idprovincia,descripcion) values (1501,'PUCUSANA');
insert into distrito (idprovincia,descripcion) values (1501,'PUENTE PIEDRA');
insert into distrito (idprovincia,descripcion) values (1501,'PUNTA HERMOSA');
insert into distrito (idprovincia,descripcion) values (1501,'PUNTA NEGRA');
insert into distrito (idprovincia,descripcion) values (1501,'RIMAC');
insert into distrito (idprovincia,descripcion) values (1501,'SAN BARTOLO');
insert into distrito (idprovincia,descripcion) values (1501,'SAN BORJA');
insert into distrito (idprovincia,descripcion) values (1501,'SAN ISIDRO');
insert into distrito (idprovincia,descripcion) values (1501,'SAN JUAN DE LURIGANCHO');
insert into distrito (idprovincia,descripcion) values (1501,'SAN JUAN DE MIRAFLORES');
insert into distrito (idprovincia,descripcion) values (1501,'SAN LUIS');
insert into distrito (idprovincia,descripcion) values (1501,'SAN MARTIN DE PORRES');
insert into distrito (idprovincia,descripcion) values (1501,'SAN MIGUEL');
insert into distrito (idprovincia,descripcion) values (1501,'SANTA ANITA');
insert into distrito (idprovincia,descripcion) values (1501,'SANTA MARIA DEL MAR');
insert into distrito (idprovincia,descripcion) values (1501,'SANTA ROSA');
insert into distrito (idprovincia,descripcion) values (1501,'SANTIAGO DE SURCO');
insert into distrito (idprovincia,descripcion) values (1501,'SURQUILLO');
insert into distrito (idprovincia,descripcion) values (1501,'VILLA EL SALVADOR');
insert into distrito (idprovincia,descripcion) values (1501,'VILLA MARIA DEL TRIUNFO');
insert into distrito (idprovincia,descripcion) values (1502,'BARRANCA');
insert into distrito (idprovincia,descripcion) values (1502,'PARAMONGA');
insert into distrito (idprovincia,descripcion) values (1502,'PATIVILCA');
insert into distrito (idprovincia,descripcion) values (1502,'SUPE');
insert into distrito (idprovincia,descripcion) values (1502,'SUPE PUERTO');
insert into distrito (idprovincia,descripcion) values (1503,'CAJATAMBO');
insert into distrito (idprovincia,descripcion) values (1503,'COPA');
insert into distrito (idprovincia,descripcion) values (1503,'GORGOR');
insert into distrito (idprovincia,descripcion) values (1503,'HUANCAPON');
insert into distrito (idprovincia,descripcion) values (1503,'MANAS');
insert into distrito (idprovincia,descripcion) values (1504,'CANTA');
insert into distrito (idprovincia,descripcion) values (1504,'ARAHUAY');
insert into distrito (idprovincia,descripcion) values (1504,'HUAMANTANGA');
insert into distrito (idprovincia,descripcion) values (1504,'HUAROS');
insert into distrito (idprovincia,descripcion) values (1504,'LACHAQUI');
insert into distrito (idprovincia,descripcion) values (1504,'SAN BUENAVENTURA');
insert into distrito (idprovincia,descripcion) values (1504,'SANTA ROSA DE QUIVES');
insert into distrito (idprovincia,descripcion) values (1505,'SAN VICENTE DE CAÑETE');
insert into distrito (idprovincia,descripcion) values (1505,'ASIA');
insert into distrito (idprovincia,descripcion) values (1505,'CALANGO');
insert into distrito (idprovincia,descripcion) values (1505,'CERRO AZUL');
insert into distrito (idprovincia,descripcion) values (1505,'CHILCA');
insert into distrito (idprovincia,descripcion) values (1505,'COAYLLO');
insert into distrito (idprovincia,descripcion) values (1505,'IMPERIAL');
insert into distrito (idprovincia,descripcion) values (1505,'LUNAHUANA');
insert into distrito (idprovincia,descripcion) values (1505,'MALA');
insert into distrito (idprovincia,descripcion) values (1505,'NUEVO IMPERIAL');
insert into distrito (idprovincia,descripcion) values (1505,'PACARAN');
insert into distrito (idprovincia,descripcion) values (1505,'QUILMANA');
insert into distrito (idprovincia,descripcion) values (1505,'SAN ANTONIO');
insert into distrito (idprovincia,descripcion) values (1505,'SAN LUIS');
insert into distrito (idprovincia,descripcion) values (1505,'SANTA CRUZ DE FLORES');
insert into distrito (idprovincia,descripcion) values (1505,'ZUÑIGA');
insert into distrito (idprovincia,descripcion) values (1506,'HUARAL');
insert into distrito (idprovincia,descripcion) values (1506,'ATAVILLOS ALTO');
insert into distrito (idprovincia,descripcion) values (1506,'ATAVILLOS BAJO');
insert into distrito (idprovincia,descripcion) values (1506,'AUCALLAMA');
insert into distrito (idprovincia,descripcion) values (1506,'CHANCAY');
insert into distrito (idprovincia,descripcion) values (1506,'IHUARI');
insert into distrito (idprovincia,descripcion) values (1506,'LAMPIAN');
insert into distrito (idprovincia,descripcion) values (1506,'PACARAOS');
insert into distrito (idprovincia,descripcion) values (1506,'SAN MIGUEL DE ACOS');
insert into distrito (idprovincia,descripcion) values (1506,'SANTA CRUZ DE ANDAMARCA');
insert into distrito (idprovincia,descripcion) values (1506,'SUMBILCA');
insert into distrito (idprovincia,descripcion) values (1506,'VEINTISIETE DE NOVIEMBRE');
insert into distrito (idprovincia,descripcion) values (1507,'MATUCANA');
insert into distrito (idprovincia,descripcion) values (1507,'ANTIOQUIA');
insert into distrito (idprovincia,descripcion) values (1507,'CALLAHUANCA');
insert into distrito (idprovincia,descripcion) values (1507,'CARAMPOMA');
insert into distrito (idprovincia,descripcion) values (1507,'CHICLA');
insert into distrito (idprovincia,descripcion) values (1507,'CUENCA');
insert into distrito (idprovincia,descripcion) values (1507,'HUACHUPAMPA');
insert into distrito (idprovincia,descripcion) values (1507,'HUANZA');
insert into distrito (idprovincia,descripcion) values (1507,'HUAROCHIRI');
insert into distrito (idprovincia,descripcion) values (1507,'LAHUAYTAMBO');
insert into distrito (idprovincia,descripcion) values (1507,'LANGA');
insert into distrito (idprovincia,descripcion) values (1507,'LARAOS');
insert into distrito (idprovincia,descripcion) values (1507,'MARIATANA');
insert into distrito (idprovincia,descripcion) values (1507,'RICARDO PALMA');
insert into distrito (idprovincia,descripcion) values (1507,'SAN ANDRES DE TUPICOCHA');
insert into distrito (idprovincia,descripcion) values (1507,'SAN ANTONIO');
insert into distrito (idprovincia,descripcion) values (1507,'SAN BARTOLOME');
insert into distrito (idprovincia,descripcion) values (1507,'SAN DAMIAN');
insert into distrito (idprovincia,descripcion) values (1507,'SAN JUAN DE IRIS');
insert into distrito (idprovincia,descripcion) values (1507,'SAN JUAN DE TANTARANCHE');
insert into distrito (idprovincia,descripcion) values (1507,'SAN LORENZO DE QUINTI');
insert into distrito (idprovincia,descripcion) values (1507,'SAN MATEO');
insert into distrito (idprovincia,descripcion) values (1507,'SAN MATEO DE OTAO');
insert into distrito (idprovincia,descripcion) values (1507,'SAN PEDRO DE CASTA');
insert into distrito (idprovincia,descripcion) values (1507,'SAN PEDRO DE HUANCAYRE');
insert into distrito (idprovincia,descripcion) values (1507,'SANGALLAYA');
insert into distrito (idprovincia,descripcion) values (1507,'SANTA CRUZ DE COCACHACRA');
insert into distrito (idprovincia,descripcion) values (1507,'SANTA EULALIA');
insert into distrito (idprovincia,descripcion) values (1507,'SANTIAGO DE ANCHUCAYA');
insert into distrito (idprovincia,descripcion) values (1507,'SANTIAGO DE TUNA');
insert into distrito (idprovincia,descripcion) values (1507,'SANTO DOMINGO DE LOS OLLEROS');
insert into distrito (idprovincia,descripcion) values (1507,'SURCO');
insert into distrito (idprovincia,descripcion) values (1508,'HUACHO');
insert into distrito (idprovincia,descripcion) values (1508,'AMBAR');
insert into distrito (idprovincia,descripcion) values (1508,'CALETA DE CARQUIN');
insert into distrito (idprovincia,descripcion) values (1508,'CHECRAS');
insert into distrito (idprovincia,descripcion) values (1508,'HUALMAY');
insert into distrito (idprovincia,descripcion) values (1508,'HUAURA');
insert into distrito (idprovincia,descripcion) values (1508,'LEONCIO PRADO');
insert into distrito (idprovincia,descripcion) values (1508,'PACCHO');
insert into distrito (idprovincia,descripcion) values (1508,'SANTA LEONOR');
insert into distrito (idprovincia,descripcion) values (1508,'SANTA MARIA');
insert into distrito (idprovincia,descripcion) values (1508,'SAYAN');
insert into distrito (idprovincia,descripcion) values (1508,'VEGUETA');
insert into distrito (idprovincia,descripcion) values (1509,'OYON');
insert into distrito (idprovincia,descripcion) values (1509,'ANDAJES');
insert into distrito (idprovincia,descripcion) values (1509,'CAUJUL');
insert into distrito (idprovincia,descripcion) values (1509,'COCHAMARCA');
insert into distrito (idprovincia,descripcion) values (1509,'NAVAN');
insert into distrito (idprovincia,descripcion) values (1509,'PACHANGARA');
insert into distrito (idprovincia,descripcion) values (1510,'YAUYOS');
insert into distrito (idprovincia,descripcion) values (1510,'ALIS');
insert into distrito (idprovincia,descripcion) values (1510,'AYAUCA');
insert into distrito (idprovincia,descripcion) values (1510,'AYAVIRI');
insert into distrito (idprovincia,descripcion) values (1510,'AZANGARO');
insert into distrito (idprovincia,descripcion) values (1510,'CACRA');
insert into distrito (idprovincia,descripcion) values (1510,'CARANIA');
insert into distrito (idprovincia,descripcion) values (1510,'CATAHUASI');
insert into distrito (idprovincia,descripcion) values (1510,'CHOCOS');
insert into distrito (idprovincia,descripcion) values (1510,'COCHAS');
insert into distrito (idprovincia,descripcion) values (1510,'COLONIA');
insert into distrito (idprovincia,descripcion) values (1510,'HONGOS');
insert into distrito (idprovincia,descripcion) values (1510,'HUAMPARA');
insert into distrito (idprovincia,descripcion) values (1510,'HUANCAYA');
insert into distrito (idprovincia,descripcion) values (1510,'HUANGASCAR');
insert into distrito (idprovincia,descripcion) values (1510,'HUANTAN');
insert into distrito (idprovincia,descripcion) values (1510,'HUAÑEC');
insert into distrito (idprovincia,descripcion) values (1510,'LARAOS');
insert into distrito (idprovincia,descripcion) values (1510,'LINCHA');
insert into distrito (idprovincia,descripcion) values (1510,'MADEAN');
insert into distrito (idprovincia,descripcion) values (1510,'MIRAFLORES');
insert into distrito (idprovincia,descripcion) values (1510,'OMAS');
insert into distrito (idprovincia,descripcion) values (1510,'PUTINZA');
insert into distrito (idprovincia,descripcion) values (1510,'QUINCHES');
insert into distrito (idprovincia,descripcion) values (1510,'QUINOCAY');
insert into distrito (idprovincia,descripcion) values (1510,'SAN JOAQUIN');
insert into distrito (idprovincia,descripcion) values (1510,'SAN PEDRO DE PILAS');
insert into distrito (idprovincia,descripcion) values (1510,'TANTA');
insert into distrito (idprovincia,descripcion) values (1510,'TAURIPAMPA');
insert into distrito (idprovincia,descripcion) values (1510,'TOMAS');
insert into distrito (idprovincia,descripcion) values (1510,'TUPE');
insert into distrito (idprovincia,descripcion) values (1510,'VIÑAC');
insert into distrito (idprovincia,descripcion) values (1510,'VITIS');
insert into distrito (idprovincia,descripcion) values (1601,'IQUITOS');
insert into distrito (idprovincia,descripcion) values (1601,'ALTO NANAY');
insert into distrito (idprovincia,descripcion) values (1601,'FERNANDO LORES');
insert into distrito (idprovincia,descripcion) values (1601,'INDIANA');
insert into distrito (idprovincia,descripcion) values (1601,'LAS AMAZONAS');
insert into distrito (idprovincia,descripcion) values (1601,'MAZAN');
insert into distrito (idprovincia,descripcion) values (1601,'NAPO');
insert into distrito (idprovincia,descripcion) values (1601,'PUNCHANA');
insert into distrito (idprovincia,descripcion) values (1601,'TORRES CAUSANA');
insert into distrito (idprovincia,descripcion) values (1601,'BELEN');
insert into distrito (idprovincia,descripcion) values (1601,'SAN JUAN BAUTISTA');
insert into distrito (idprovincia,descripcion) values (1602,'YURIMAGUAS');
insert into distrito (idprovincia,descripcion) values (1602,'BALSAPUERTO');
insert into distrito (idprovincia,descripcion) values (1602,'JEBEROS');
insert into distrito (idprovincia,descripcion) values (1602,'LAGUNAS');
insert into distrito (idprovincia,descripcion) values (2402,'ZORRITOS');
insert into distrito (idprovincia,descripcion) values (2402,'CASITAS');
insert into distrito (idprovincia,descripcion) values (2402,'CANOAS DE PUNTA SAL');
insert into distrito (idprovincia,descripcion) values (2403,'ZARUMILLA');
insert into distrito (idprovincia,descripcion) values (2403,'AGUAS VERDES');
insert into distrito (idprovincia,descripcion) values (2403,'MATAPALO');
insert into distrito (idprovincia,descripcion) values (2403,'PAPAYAL');
insert into distrito (idprovincia,descripcion) values (2501,'CALLERIA');
insert into distrito (idprovincia,descripcion) values (2501,'CAMPOVERDE');
insert into distrito (idprovincia,descripcion) values (2501,'IPARIA');
insert into distrito (idprovincia,descripcion) values (2501,'MASISEA');
insert into distrito (idprovincia,descripcion) values (2501,'YARINACOCHA');
insert into distrito (idprovincia,descripcion) values (2501,'NUEVA REQUENA');
insert into distrito (idprovincia,descripcion) values (2501,'MANANTAY');
insert into distrito (idprovincia,descripcion) values (2502,'RAYMONDI');
insert into distrito (idprovincia,descripcion) values (2502,'SEPAHUA');
insert into distrito (idprovincia,descripcion) values (2502,'TAHUANIA');
insert into distrito (idprovincia,descripcion) values (2502,'YURUA');
insert into distrito (idprovincia,descripcion) values (2503,'PADRE ABAD');
insert into distrito (idprovincia,descripcion) values (2503,'IRAZOLA');
insert into distrito (idprovincia,descripcion) values (2503,'CURIMANA');
insert into distrito (idprovincia,descripcion) values (2503,'NESHUYA');
insert into distrito (idprovincia,descripcion) values (2503,'ALEXANDER VON HUMBOLDT');
insert into distrito (idprovincia,descripcion) values (2504,'PURUS');
insert into distrito (idprovincia,descripcion) values (504,'PUTIS');
insert into distrito (idprovincia,descripcion) values (505,'UNION PROGRESO');
insert into distrito (idprovincia,descripcion) values (505,'RIO MAGDALENA');
insert into distrito (idprovincia,descripcion) values (505,'NINABAMBA');
insert into distrito (idprovincia,descripcion) values (505,'PATIBAMBA');
insert into distrito (idprovincia,descripcion) values (2503,'HUIPOCA');
insert into distrito (idprovincia,descripcion) values (2503,'BOQUERON');
insert into distrito (idprovincia,descripcion) values (1801,'SAN ANTONIO');
insert into distrito (idprovincia,descripcion) values (907,'LAMBRAS');
insert into distrito (idprovincia,descripcion) values (907,'COCHABAMBA');
insert into distrito (idprovincia,descripcion) values (1501,'SANTA MARIA DE HUACHIPA');
insert into distrito (idprovincia,descripcion) values (809,'KUMPIRUSHIATO');
insert into distrito (idprovincia,descripcion) values (809,'CIELO PUNCO');
insert into distrito (idprovincia,descripcion) values (809,'MANITEA');
insert into distrito (idprovincia,descripcion) values (809,'UNION ASHÁNINKA');
insert into distrito (idprovincia,descripcion) values (306,'AHUAYRO');
insert into distrito (idprovincia,descripcion) values (2210,'SANTA LUCIA');
insert into distrito (idprovincia,descripcion) values (1601,'PUTUMAYO');
insert into distrito (idprovincia,descripcion) values (1601,'TENIENTE MANUEL CLAVERO');
insert into distrito (idprovincia,descripcion) values (1602,'SANTA CRUZ');
insert into distrito (idprovincia,descripcion) values (1602,'TENIENTE CESAR LOPEZ ROJAS');
insert into distrito (idprovincia,descripcion) values (1603,'NAUTA');
insert into distrito (idprovincia,descripcion) values (1603,'PARINARI');
insert into distrito (idprovincia,descripcion) values (1603,'TIGRE');
insert into distrito (idprovincia,descripcion) values (1603,'TROMPETEROS');
insert into distrito (idprovincia,descripcion) values (1603,'URARINAS');
insert into distrito (idprovincia,descripcion) values (1604,'RAMON CASTILLA');
insert into distrito (idprovincia,descripcion) values (1604,'PEBAS');
insert into distrito (idprovincia,descripcion) values (1604,'YAVARI');
insert into distrito (idprovincia,descripcion) values (1604,'SAN PABLO');
insert into distrito (idprovincia,descripcion) values (1605,'REQUENA');
insert into distrito (idprovincia,descripcion) values (1605,'ALTO TAPICHE');
insert into distrito (idprovincia,descripcion) values (1605,'CAPELO');
insert into distrito (idprovincia,descripcion) values (1605,'EMILIO SAN MARTIN');
insert into distrito (idprovincia,descripcion) values (1605,'MAQUIA');
insert into distrito (idprovincia,descripcion) values (1605,'PUINAHUA');
insert into distrito (idprovincia,descripcion) values (1605,'SAQUENA');
insert into distrito (idprovincia,descripcion) values (1605,'SOPLIN');
insert into distrito (idprovincia,descripcion) values (1605,'TAPICHE');
insert into distrito (idprovincia,descripcion) values (1605,'JENARO HERRERA');
insert into distrito (idprovincia,descripcion) values (1605,'YAQUERANA');
insert into distrito (idprovincia,descripcion) values (1606,'CONTAMANA');
insert into distrito (idprovincia,descripcion) values (1606,'INAHUAYA');
insert into distrito (idprovincia,descripcion) values (1606,'PADRE MARQUEZ');
insert into distrito (idprovincia,descripcion) values (1606,'PAMPA HERMOSA');
insert into distrito (idprovincia,descripcion) values (1606,'SARAYACU');
insert into distrito (idprovincia,descripcion) values (1606,'VARGAS GUERRA');
insert into distrito (idprovincia,descripcion) values (1607,'BARRANCA');
insert into distrito (idprovincia,descripcion) values (1607,'CAHUAPANAS');
insert into distrito (idprovincia,descripcion) values (1607,'MANSERICHE');
insert into distrito (idprovincia,descripcion) values (1607,'MORONA');
insert into distrito (idprovincia,descripcion) values (1607,'PASTAZA');
insert into distrito (idprovincia,descripcion) values (1607,'ANDOAS');
insert into distrito (idprovincia,descripcion) values (1608,'PUTUMAYO');
insert into distrito (idprovincia,descripcion) values (1608,'ROSA PANDURO');
insert into distrito (idprovincia,descripcion) values (1608,'TENIENTE MANUEL CLAVERO');
insert into distrito (idprovincia,descripcion) values (1608,'YAGUAS');
insert into distrito (idprovincia,descripcion) values (1701,'TAMBOPATA');
insert into distrito (idprovincia,descripcion) values (1701,'INAMBARI');
insert into distrito (idprovincia,descripcion) values (1701,'LAS PIEDRAS');
insert into distrito (idprovincia,descripcion) values (1701,'LABERINTO');
insert into distrito (idprovincia,descripcion) values (1702,'MANU');
insert into distrito (idprovincia,descripcion) values (1702,'FITZCARRALD');
insert into distrito (idprovincia,descripcion) values (1702,'MADRE DE DIOS');
insert into distrito (idprovincia,descripcion) values (1702,'HUEPETUHE');
insert into distrito (idprovincia,descripcion) values (1703,'IÑAPARI');
insert into distrito (idprovincia,descripcion) values (1703,'IBERIA');
insert into distrito (idprovincia,descripcion) values (1703,'TAHUAMANU');
insert into distrito (idprovincia,descripcion) values (1801,'MOQUEGUA');
insert into distrito (idprovincia,descripcion) values (1801,'CARUMAS');
insert into distrito (idprovincia,descripcion) values (1801,'CUCHUMBAYA');
insert into distrito (idprovincia,descripcion) values (1801,'SAMEGUA');
insert into distrito (idprovincia,descripcion) values (1801,'SAN CRISTOBAL');
insert into distrito (idprovincia,descripcion) values (1801,'TORATA');
insert into distrito (idprovincia,descripcion) values (1802,'OMATE');
insert into distrito (idprovincia,descripcion) values (1802,'CHOJATA');
insert into distrito (idprovincia,descripcion) values (1802,'COALAQUE');
insert into distrito (idprovincia,descripcion) values (1802,'ICHUÑA');
insert into distrito (idprovincia,descripcion) values (1802,'LA CAPILLA');
insert into distrito (idprovincia,descripcion) values (1802,'LLOQUE');
insert into distrito (idprovincia,descripcion) values (1802,'MATALAQUE');
insert into distrito (idprovincia,descripcion) values (1802,'PUQUINA');
insert into distrito (idprovincia,descripcion) values (1802,'QUINISTAQUILLAS');
insert into distrito (idprovincia,descripcion) values (1802,'UBINAS');
insert into distrito (idprovincia,descripcion) values (1802,'YUNGA');
insert into distrito (idprovincia,descripcion) values (1803,'ILO');
insert into distrito (idprovincia,descripcion) values (1803,'EL ALGARROBAL');
insert into distrito (idprovincia,descripcion) values (1803,'PACOCHA');
insert into distrito (idprovincia,descripcion) values (1901,'CHAUPIMARCA');
insert into distrito (idprovincia,descripcion) values (1901,'HUACHON');
insert into distrito (idprovincia,descripcion) values (1901,'HUARIACA');
insert into distrito (idprovincia,descripcion) values (1901,'HUAYLLAY');
insert into distrito (idprovincia,descripcion) values (1901,'NINACACA');
insert into distrito (idprovincia,descripcion) values (1901,'PALLANCHACRA');
insert into distrito (idprovincia,descripcion) values (1901,'PAUCARTAMBO');
insert into distrito (idprovincia,descripcion) values (1901,'SAN FRANCISCO DE ASIS DE YARUSYACAN');
insert into distrito (idprovincia,descripcion) values (1901,'SIMON BOLIVAR');
insert into distrito (idprovincia,descripcion) values (1901,'TICLACAYAN');
insert into distrito (idprovincia,descripcion) values (1901,'TINYAHUARCO');
insert into distrito (idprovincia,descripcion) values (1901,'VICCO');
insert into distrito (idprovincia,descripcion) values (1901,'YANACANCHA');
insert into distrito (idprovincia,descripcion) values (1902,'YANAHUANCA');
insert into distrito (idprovincia,descripcion) values (1902,'CHACAYAN');
insert into distrito (idprovincia,descripcion) values (1902,'GOYLLARISQUIZGA');
insert into distrito (idprovincia,descripcion) values (1902,'PAUCAR');
insert into distrito (idprovincia,descripcion) values (1902,'SAN PEDRO DE PILLAO');
insert into distrito (idprovincia,descripcion) values (1902,'SANTA ANA DE TUSI');
insert into distrito (idprovincia,descripcion) values (1902,'TAPUC');
insert into distrito (idprovincia,descripcion) values (1902,'VILCABAMBA');
insert into distrito (idprovincia,descripcion) values (1903,'OXAPAMPA');
insert into distrito (idprovincia,descripcion) values (1903,'CHONTABAMBA');
insert into distrito (idprovincia,descripcion) values (1903,'HUANCABAMBA');
insert into distrito (idprovincia,descripcion) values (1903,'PALCAZU');
insert into distrito (idprovincia,descripcion) values (1903,'POZUZO');
insert into distrito (idprovincia,descripcion) values (1903,'PUERTO BERMUDEZ');
insert into distrito (idprovincia,descripcion) values (1903,'VILLA RICA');
insert into distrito (idprovincia,descripcion) values (1903,'CONSTITUCION');
insert into distrito (idprovincia,descripcion) values (2001,'PIURA');
insert into distrito (idprovincia,descripcion) values (2001,'CASTILLA');
insert into distrito (idprovincia,descripcion) values (2001,'CATACAOS');
insert into distrito (idprovincia,descripcion) values (2001,'CURA MORI');
insert into distrito (idprovincia,descripcion) values (2001,'EL TALLAN');
insert into distrito (idprovincia,descripcion) values (2001,'LA ARENA');
insert into distrito (idprovincia,descripcion) values (2001,'LA UNION');
insert into distrito (idprovincia,descripcion) values (2001,'LAS LOMAS');
insert into distrito (idprovincia,descripcion) values (2001,'TAMBO GRANDE');
insert into distrito (idprovincia,descripcion) values (2001,'VEINTISEIS DE OCTUBRE');
insert into distrito (idprovincia,descripcion) values (2002,'AYABACA');
insert into distrito (idprovincia,descripcion) values (2002,'FRIAS');
insert into distrito (idprovincia,descripcion) values (2002,'JILILI');
insert into distrito (idprovincia,descripcion) values (2002,'LAGUNAS');
insert into distrito (idprovincia,descripcion) values (2002,'MONTERO');
insert into distrito (idprovincia,descripcion) values (2002,'PACAIPAMPA');
insert into distrito (idprovincia,descripcion) values (2002,'PAIMAS');
insert into distrito (idprovincia,descripcion) values (2002,'SAPILLICA');
insert into distrito (idprovincia,descripcion) values (2002,'SICCHEZ');
insert into distrito (idprovincia,descripcion) values (2002,'SUYO');
insert into distrito (idprovincia,descripcion) values (2003,'HUANCABAMBA');
insert into distrito (idprovincia,descripcion) values (2003,'CANCHAQUE');
insert into distrito (idprovincia,descripcion) values (2003,'EL CARMEN DE LA FRONTERA');
insert into distrito (idprovincia,descripcion) values (2003,'HUARMACA');
insert into distrito (idprovincia,descripcion) values (2003,'LALAQUIZ');
insert into distrito (idprovincia,descripcion) values (2003,'SAN MIGUEL DE EL FAIQUE');
insert into distrito (idprovincia,descripcion) values (2003,'SONDOR');
insert into distrito (idprovincia,descripcion) values (2003,'SONDORILLO');
insert into distrito (idprovincia,descripcion) values (2004,'CHULUCANAS');
insert into distrito (idprovincia,descripcion) values (2004,'BUENOS AIRES');
insert into distrito (idprovincia,descripcion) values (2004,'CHALACO');
insert into distrito (idprovincia,descripcion) values (2004,'LA MATANZA');
insert into distrito (idprovincia,descripcion) values (2004,'MORROPON');
insert into distrito (idprovincia,descripcion) values (2004,'SALITRAL');
insert into distrito (idprovincia,descripcion) values (2004,'SAN JUAN DE BIGOTE');
insert into distrito (idprovincia,descripcion) values (2004,'SANTA CATALINA DE MOSSA');
insert into distrito (idprovincia,descripcion) values (2004,'SANTO DOMINGO');
insert into distrito (idprovincia,descripcion) values (2004,'YAMANGO');
insert into distrito (idprovincia,descripcion) values (2005,'PAITA');
insert into distrito (idprovincia,descripcion) values (2005,'AMOTAPE');
insert into distrito (idprovincia,descripcion) values (2005,'ARENAL');
insert into distrito (idprovincia,descripcion) values (2005,'COLAN');
insert into distrito (idprovincia,descripcion) values (2005,'LA HUACA');
insert into distrito (idprovincia,descripcion) values (2005,'TAMARINDO');
insert into distrito (idprovincia,descripcion) values (2005,'VICHAYAL');
insert into distrito (idprovincia,descripcion) values (2006,'SULLANA');
insert into distrito (idprovincia,descripcion) values (2006,'BELLAVISTA');
insert into distrito (idprovincia,descripcion) values (2006,'IGNACIO ESCUDERO');
insert into distrito (idprovincia,descripcion) values (2006,'LANCONES');
insert into distrito (idprovincia,descripcion) values (2006,'MARCAVELICA');
insert into distrito (idprovincia,descripcion) values (2006,'MIGUEL CHECA');
insert into distrito (idprovincia,descripcion) values (2006,'QUERECOTILLO');
insert into distrito (idprovincia,descripcion) values (2006,'SALITRAL');
insert into distrito (idprovincia,descripcion) values (2007,'PARIÑAS');
insert into distrito (idprovincia,descripcion) values (2007,'EL ALTO');
insert into distrito (idprovincia,descripcion) values (2007,'LA BREA');
insert into distrito (idprovincia,descripcion) values (2007,'LOBITOS');
insert into distrito (idprovincia,descripcion) values (2007,'LOS ORGANOS');
insert into distrito (idprovincia,descripcion) values (2007,'MANCORA');
insert into distrito (idprovincia,descripcion) values (2008,'SECHURA');
insert into distrito (idprovincia,descripcion) values (2008,'BELLAVISTA DE LA UNION');
insert into distrito (idprovincia,descripcion) values (2008,'BERNAL');
insert into distrito (idprovincia,descripcion) values (2008,'CRISTO NOS VALGA');
insert into distrito (idprovincia,descripcion) values (2008,'VICE');
insert into distrito (idprovincia,descripcion) values (2008,'RINCONADA LLICUAR');
insert into distrito (idprovincia,descripcion) values (2101,'PUNO');
insert into distrito (idprovincia,descripcion) values (2101,'ACORA');
insert into distrito (idprovincia,descripcion) values (2101,'AMANTANI');
insert into distrito (idprovincia,descripcion) values (2101,'ATUNCOLLA');
insert into distrito (idprovincia,descripcion) values (2101,'CAPACHICA');
insert into distrito (idprovincia,descripcion) values (2101,'CHUCUITO');
insert into distrito (idprovincia,descripcion) values (2101,'COATA');
insert into distrito (idprovincia,descripcion) values (2101,'HUATA');
insert into distrito (idprovincia,descripcion) values (2101,'MAÑAZO');
insert into distrito (idprovincia,descripcion) values (2101,'PAUCARCOLLA');
insert into distrito (idprovincia,descripcion) values (2101,'PICHACANI');
insert into distrito (idprovincia,descripcion) values (2101,'PLATERIA');
insert into distrito (idprovincia,descripcion) values (2101,'SAN ANTONIO');
insert into distrito (idprovincia,descripcion) values (2101,'TIQUILLACA');
insert into distrito (idprovincia,descripcion) values (2101,'VILQUE');
insert into distrito (idprovincia,descripcion) values (2102,'AZANGARO');
insert into distrito (idprovincia,descripcion) values (2102,'ACHAYA');
insert into distrito (idprovincia,descripcion) values (2102,'ARAPA');
insert into distrito (idprovincia,descripcion) values (2102,'ASILLO');
insert into distrito (idprovincia,descripcion) values (2102,'CAMINACA');
insert into distrito (idprovincia,descripcion) values (2102,'CHUPA');
insert into distrito (idprovincia,descripcion) values (2102,'JOSE DOMINGO CHOQUEHUANCA');
insert into distrito (idprovincia,descripcion) values (2102,'MUÑANI');
insert into distrito (idprovincia,descripcion) values (2102,'POTONI');
insert into distrito (idprovincia,descripcion) values (2102,'SAMAN');
insert into distrito (idprovincia,descripcion) values (2102,'SAN ANTON');
insert into distrito (idprovincia,descripcion) values (2102,'SAN JOSE');
insert into distrito (idprovincia,descripcion) values (2102,'SAN JUAN DE SALINAS');
insert into distrito (idprovincia,descripcion) values (2102,'SANTIAGO DE PUPUJA');
insert into distrito (idprovincia,descripcion) values (2102,'TIRAPATA');
insert into distrito (idprovincia,descripcion) values (2103,'MACUSANI');
insert into distrito (idprovincia,descripcion) values (2103,'AJOYANI');
insert into distrito (idprovincia,descripcion) values (2103,'AYAPATA');
insert into distrito (idprovincia,descripcion) values (2103,'COASA');
insert into distrito (idprovincia,descripcion) values (2103,'CORANI');
insert into distrito (idprovincia,descripcion) values (2103,'CRUCERO');
insert into distrito (idprovincia,descripcion) values (2103,'ITUATA');
insert into distrito (idprovincia,descripcion) values (2103,'OLLACHEA');
insert into distrito (idprovincia,descripcion) values (2103,'SAN GABAN');
insert into distrito (idprovincia,descripcion) values (2103,'USICAYOS');
insert into distrito (idprovincia,descripcion) values (2104,'JULI');
insert into distrito (idprovincia,descripcion) values (2104,'DESAGUADERO');
insert into distrito (idprovincia,descripcion) values (2104,'HUACULLANI');
insert into distrito (idprovincia,descripcion) values (2104,'KELLUYO');
insert into distrito (idprovincia,descripcion) values (2104,'PISACOMA');
insert into distrito (idprovincia,descripcion) values (2104,'POMATA');
insert into distrito (idprovincia,descripcion) values (2104,'ZEPITA');
insert into distrito (idprovincia,descripcion) values (2105,'ILAVE');
insert into distrito (idprovincia,descripcion) values (2105,'CAPAZO');
insert into distrito (idprovincia,descripcion) values (2105,'PILCUYO');
insert into distrito (idprovincia,descripcion) values (2105,'SANTA ROSA');
insert into distrito (idprovincia,descripcion) values (2105,'CONDURIRI');
insert into distrito (idprovincia,descripcion) values (2106,'HUANCANE');
insert into distrito (idprovincia,descripcion) values (2106,'COJATA');
insert into distrito (idprovincia,descripcion) values (2106,'HUATASANI');
insert into distrito (idprovincia,descripcion) values (2106,'INCHUPALLA');
insert into distrito (idprovincia,descripcion) values (2106,'PUSI');
insert into distrito (idprovincia,descripcion) values (2106,'ROSASPATA');
insert into distrito (idprovincia,descripcion) values (2106,'TARACO');
insert into distrito (idprovincia,descripcion) values (2106,'VILQUE CHICO');
insert into distrito (idprovincia,descripcion) values (2107,'LAMPA');
insert into distrito (idprovincia,descripcion) values (2107,'CABANILLA');
insert into distrito (idprovincia,descripcion) values (2107,'CALAPUJA');
insert into distrito (idprovincia,descripcion) values (2107,'NICASIO');
insert into distrito (idprovincia,descripcion) values (2107,'OCUVIRI');
insert into distrito (idprovincia,descripcion) values (2107,'PALCA');
insert into distrito (idprovincia,descripcion) values (2107,'PARATIA');
insert into distrito (idprovincia,descripcion) values (2107,'PUCARA');
insert into distrito (idprovincia,descripcion) values (2107,'SANTA LUCIA');
insert into distrito (idprovincia,descripcion) values (2107,'VILAVILA');
insert into distrito (idprovincia,descripcion) values (2108,'AYAVIRI');
insert into distrito (idprovincia,descripcion) values (2108,'ANTAUTA');
insert into distrito (idprovincia,descripcion) values (2108,'CUPI');
insert into distrito (idprovincia,descripcion) values (2108,'LLALLI');
insert into distrito (idprovincia,descripcion) values (2108,'MACARI');
insert into distrito (idprovincia,descripcion) values (2108,'NUÑOA');
insert into distrito (idprovincia,descripcion) values (2108,'ORURILLO');
insert into distrito (idprovincia,descripcion) values (2108,'SANTA ROSA');
insert into distrito (idprovincia,descripcion) values (2108,'UMACHIRI');
insert into distrito (idprovincia,descripcion) values (2109,'MOHO');
insert into distrito (idprovincia,descripcion) values (2109,'CONIMA');
insert into distrito (idprovincia,descripcion) values (2109,'HUAYRAPATA');
insert into distrito (idprovincia,descripcion) values (2109,'TILALI');
insert into distrito (idprovincia,descripcion) values (2110,'PUTINA');
insert into distrito (idprovincia,descripcion) values (2110,'ANANEA');
insert into distrito (idprovincia,descripcion) values (2110,'PEDRO VILCA APAZA');
insert into distrito (idprovincia,descripcion) values (2110,'QUILCAPUNCU');
insert into distrito (idprovincia,descripcion) values (2110,'SINA');
insert into distrito (idprovincia,descripcion) values (2111,'JULIACA');
insert into distrito (idprovincia,descripcion) values (2111,'CABANA');
insert into distrito (idprovincia,descripcion) values (2111,'CABANILLAS');
insert into distrito (idprovincia,descripcion) values (2111,'CARACOTO');
insert into distrito (idprovincia,descripcion) values (2111,'SAN MIGUEL');
insert into distrito (idprovincia,descripcion) values (2112,'SANDIA');
insert into distrito (idprovincia,descripcion) values (2112,'CUYOCUYO');
insert into distrito (idprovincia,descripcion) values (2112,'LIMBANI');
insert into distrito (idprovincia,descripcion) values (2112,'PATAMBUCO');
insert into distrito (idprovincia,descripcion) values (2112,'PHARA');
insert into distrito (idprovincia,descripcion) values (2112,'QUIACA');
insert into distrito (idprovincia,descripcion) values (2112,'SAN JUAN DEL ORO');
insert into distrito (idprovincia,descripcion) values (2112,'YANAHUAYA');
insert into distrito (idprovincia,descripcion) values (2112,'ALTO INAMBARI');
insert into distrito (idprovincia,descripcion) values (2112,'SAN PEDRO DE PUTINA PUNCO');
insert into distrito (idprovincia,descripcion) values (2113,'YUNGUYO');
insert into distrito (idprovincia,descripcion) values (2113,'ANAPIA');
insert into distrito (idprovincia,descripcion) values (2113,'COPANI');
insert into distrito (idprovincia,descripcion) values (2113,'CUTURAPI');
insert into distrito (idprovincia,descripcion) values (2113,'OLLARAYA');
insert into distrito (idprovincia,descripcion) values (2113,'TINICACHI');
insert into distrito (idprovincia,descripcion) values (2113,'UNICACHI');
insert into distrito (idprovincia,descripcion) values (2201,'MOYOBAMBA');
insert into distrito (idprovincia,descripcion) values (2201,'CALZADA');
insert into distrito (idprovincia,descripcion) values (2201,'HABANA');
insert into distrito (idprovincia,descripcion) values (2201,'JEPELACIO');
insert into distrito (idprovincia,descripcion) values (2201,'SORITOR');
insert into distrito (idprovincia,descripcion) values (2201,'YANTALO');
insert into distrito (idprovincia,descripcion) values (2202,'BELLAVISTA');
insert into distrito (idprovincia,descripcion) values (2202,'ALTO BIAVO');
insert into distrito (idprovincia,descripcion) values (2202,'BAJO BIAVO');
insert into distrito (idprovincia,descripcion) values (2202,'HUALLAGA');
insert into distrito (idprovincia,descripcion) values (2202,'SAN PABLO');
insert into distrito (idprovincia,descripcion) values (2202,'SAN RAFAEL');
insert into distrito (idprovincia,descripcion) values (2203,'SAN JOSE DE SISA');
insert into distrito (idprovincia,descripcion) values (2203,'AGUA BLANCA');
insert into distrito (idprovincia,descripcion) values (2203,'SAN MARTIN');
insert into distrito (idprovincia,descripcion) values (2203,'SANTA ROSA');
insert into distrito (idprovincia,descripcion) values (2203,'SHATOJA');
insert into distrito (idprovincia,descripcion) values (2204,'SAPOSOA');
insert into distrito (idprovincia,descripcion) values (2204,'ALTO SAPOSOA');
insert into distrito (idprovincia,descripcion) values (2204,'EL ESLABON');
insert into distrito (idprovincia,descripcion) values (2204,'PISCOYACU');
insert into distrito (idprovincia,descripcion) values (2204,'SACANCHE');
insert into distrito (idprovincia,descripcion) values (2204,'TINGO DE SAPOSOA');
insert into distrito (idprovincia,descripcion) values (2205,'LAMAS');
insert into distrito (idprovincia,descripcion) values (2205,'ALONSO DE ALVARADO');
insert into distrito (idprovincia,descripcion) values (2205,'BARRANQUITA');
insert into distrito (idprovincia,descripcion) values (2205,'CAYNARACHI');
insert into distrito (idprovincia,descripcion) values (2205,'CUÑUMBUQUI');
insert into distrito (idprovincia,descripcion) values (2205,'PINTO RECODO');
insert into distrito (idprovincia,descripcion) values (2205,'RUMISAPA');
insert into distrito (idprovincia,descripcion) values (2205,'SAN ROQUE DE CUMBAZA');
insert into distrito (idprovincia,descripcion) values (2205,'SHANAO');
insert into distrito (idprovincia,descripcion) values (2205,'TABALOSOS');
insert into distrito (idprovincia,descripcion) values (2205,'ZAPATERO');
insert into distrito (idprovincia,descripcion) values (2206,'JUANJUI');
insert into distrito (idprovincia,descripcion) values (2206,'CAMPANILLA');
insert into distrito (idprovincia,descripcion) values (2206,'HUICUNGO');
insert into distrito (idprovincia,descripcion) values (2206,'PACHIZA');
insert into distrito (idprovincia,descripcion) values (2206,'PAJARILLO');
insert into distrito (idprovincia,descripcion) values (2207,'PICOTA');
insert into distrito (idprovincia,descripcion) values (2207,'BUENOS AIRES');
insert into distrito (idprovincia,descripcion) values (2207,'CASPISAPA');
insert into distrito (idprovincia,descripcion) values (2207,'PILLUANA');
insert into distrito (idprovincia,descripcion) values (2207,'PUCACACA');
insert into distrito (idprovincia,descripcion) values (2207,'SAN CRISTOBAL');
insert into distrito (idprovincia,descripcion) values (2207,'SAN HILARION');
insert into distrito (idprovincia,descripcion) values (2207,'SHAMBOYACU');
insert into distrito (idprovincia,descripcion) values (2207,'TINGO DE PONASA');
insert into distrito (idprovincia,descripcion) values (2207,'TRES UNIDOS');
insert into distrito (idprovincia,descripcion) values (2208,'RIOJA');
insert into distrito (idprovincia,descripcion) values (2208,'AWAJUN');
insert into distrito (idprovincia,descripcion) values (2208,'ELIAS SOPLIN VARGAS');
insert into distrito (idprovincia,descripcion) values (2208,'NUEVA CAJAMARCA');
insert into distrito (idprovincia,descripcion) values (2208,'PARDO MIGUEL');
insert into distrito (idprovincia,descripcion) values (2208,'POSIC');
insert into distrito (idprovincia,descripcion) values (2208,'SAN FERNANDO');
insert into distrito (idprovincia,descripcion) values (2208,'YORONGOS');
insert into distrito (idprovincia,descripcion) values (2208,'YURACYACU');
insert into distrito (idprovincia,descripcion) values (2209,'TARAPOTO');
insert into distrito (idprovincia,descripcion) values (2209,'ALBERTO LEVEAU');
insert into distrito (idprovincia,descripcion) values (2209,'CACATACHI');
insert into distrito (idprovincia,descripcion) values (2209,'CHAZUTA');
insert into distrito (idprovincia,descripcion) values (2209,'CHIPURANA');
insert into distrito (idprovincia,descripcion) values (2209,'EL PORVENIR');
insert into distrito (idprovincia,descripcion) values (2209,'HUIMBAYOC');
insert into distrito (idprovincia,descripcion) values (2209,'JUAN GUERRA');
insert into distrito (idprovincia,descripcion) values (2209,'LA BANDA DE SHILCAYO');
insert into distrito (idprovincia,descripcion) values (2209,'MORALES');
insert into distrito (idprovincia,descripcion) values (2209,'PAPAPLAYA');
insert into distrito (idprovincia,descripcion) values (2209,'SAN ANTONIO');
insert into distrito (idprovincia,descripcion) values (2209,'SAUCE');
insert into distrito (idprovincia,descripcion) values (2209,'SHAPAJA');
insert into distrito (idprovincia,descripcion) values (2210,'TOCACHE');
insert into distrito (idprovincia,descripcion) values (2210,'NUEVO PROGRESO');
insert into distrito (idprovincia,descripcion) values (2210,'POLVORA');
insert into distrito (idprovincia,descripcion) values (2210,'SHUNTE');
insert into distrito (idprovincia,descripcion) values (2210,'UCHIZA');
insert into distrito (idprovincia,descripcion) values (2301,'TACNA');
insert into distrito (idprovincia,descripcion) values (2301,'ALTO DE LA ALIANZA');
insert into distrito (idprovincia,descripcion) values (2301,'CALANA');
insert into distrito (idprovincia,descripcion) values (2301,'CIUDAD NUEVA');
insert into distrito (idprovincia,descripcion) values (2301,'INCLAN');
insert into distrito (idprovincia,descripcion) values (2301,'PACHIA');
insert into distrito (idprovincia,descripcion) values (2301,'PALCA');
insert into distrito (idprovincia,descripcion) values (2301,'POCOLLAY');
insert into distrito (idprovincia,descripcion) values (2301,'SAMA');
insert into distrito (idprovincia,descripcion) values (2301,'CORONEL GREGORIO ALBARRACIN LANCHIP');
insert into distrito (idprovincia,descripcion) values (2301,'LA YARADA LOS PALOS');
insert into distrito (idprovincia,descripcion) values (2302,'CANDARAVE');
insert into distrito (idprovincia,descripcion) values (2302,'CAIRANI');
insert into distrito (idprovincia,descripcion) values (2302,'CAMILACA');
insert into distrito (idprovincia,descripcion) values (2302,'CURIBAYA');
insert into distrito (idprovincia,descripcion) values (2302,'HUANUARA');
insert into distrito (idprovincia,descripcion) values (2302,'QUILAHUANI');
insert into distrito (idprovincia,descripcion) values (2303,'LOCUMBA');
insert into distrito (idprovincia,descripcion) values (2303,'ILABAYA');
insert into distrito (idprovincia,descripcion) values (2303,'ITE');
insert into distrito (idprovincia,descripcion) values (2304,'TARATA');
insert into distrito (idprovincia,descripcion) values (2304,'CHUCATAMANI');
insert into distrito (idprovincia,descripcion) values (2304,'ESTIQUE');
insert into distrito (idprovincia,descripcion) values (2304,'ESTIQUE-PAMPA');
insert into distrito (idprovincia,descripcion) values (2304,'SITAJARA');
insert into distrito (idprovincia,descripcion) values (2304,'SUSAPAYA');
insert into distrito (idprovincia,descripcion) values (2304,'TARUCACHI');
insert into distrito (idprovincia,descripcion) values (2304,'TICACO');
insert into distrito (idprovincia,descripcion) values (2401,'TUMBES');
insert into distrito (idprovincia,descripcion) values (2401,'CORRALES');
insert into distrito (idprovincia,descripcion) values (2401,'LA CRUZ');
insert into distrito (idprovincia,descripcion) values (2401,'PAMPAS DE HOSPITAL');
insert into distrito (idprovincia,descripcion) values (2401,'SAN JACINTO');
insert into distrito (idprovincia,descripcion) values (2401,'SAN JUAN DE LA VIRGEN');



INSERT INTO proveedor (descripcion) VALUES ('AUTOGESA');
INSERT INTO proveedor (descripcion) VALUES ('SONDIL');
INSERT INTO proveedor (descripcion) VALUES ('SOLEDAD');

